#options: 960x540 fps=24000/1001 timebase=1001/24000 bitdepth=8 cabac=1 ref=1 deblock=1:0:0 analyse=0x1:0 me=dia subme=2 psy=1 psy_rd=1.00:0.00 mixed_ref=0 me_range=16 chroma_me=1 trellis=0 8x8dct=0 cqm=0 deadzone=21,11 fast_pskip=1 chroma_qp_offset=0 threads=12 lookahead_threads=4 sliced_threads=0 nr=0 decimate=1 interlaced=0 bluray_compat=0 constrained_intra=0 bframes=3 b_pyramid=2 b_adapt=1 b_bias=0 direct=3 weightb=1 open_gop=0 weightp=2 keyint=250 keyint_min=23 scenecut=40 intra_refresh=0 rc_lookahead=50 rc=abr mbtree=1 bitrate=260 ratetol=1.0 qcomp=0.60 qpmin=0 qpmax=69 qpstep=4 ip_ratio=1.40 aq=1:1.00
in:0 out:0 type:I dur:2 cpbdur:2 q:42.46 aq:38.34 tex:41881 mv:23496 misc:175 imb:2040 pmb:0 smb:0 d:- ref:;
in:4 out:1 type:P dur:2 cpbdur:2 q:43.44 aq:39.36 tex:9158 mv:5352 misc:1306 imb:208 pmb:403 smb:1429 d:- ref:0 ;
in:2 out:2 type:B dur:2 cpbdur:2 q:43.44 aq:42.04 tex:596 mv:3094 misc:718 imb:20 pmb:548 smb:1472 d:s ref:0 ;
in:1 out:3 type:b dur:2 cpbdur:2 q:43.44 aq:44.17 tex:663 mv:4142 misc:723 imb:17 pmb:547 smb:1476 d:s ref:0 ;
in:3 out:4 type:b dur:2 cpbdur:2 q:43.44 aq:44.92 tex:221 mv:969 misc:514 imb:0 pmb:94 smb:1946 d:- ref:0 ;
in:8 out:5 type:P dur:2 cpbdur:2 q:43.43 aq:42.00 tex:5291 mv:4169 misc:1348 imb:266 pmb:312 smb:1462 d:- ref:0 ;
in:6 out:6 type:B dur:2 cpbdur:2 q:43.43 aq:41.99 tex:1164 mv:1818 misc:642 imb:43 pmb:234 smb:1763 d:s ref:0 ;
in:5 out:7 type:b dur:2 cpbdur:2 q:43.44 aq:42.49 tex:119 mv:509 misc:436 imb:1 pmb:83 smb:1956 d:s ref:0 ;
in:7 out:8 type:b dur:2 cpbdur:2 q:43.43 aq:42.24 tex:829 mv:1333 misc:550 imb:38 pmb:91 smb:1911 d:- ref:0 ;
in:9 out:9 type:P dur:2 cpbdur:2 q:43.19 aq:42.71 tex:3295 mv:2985 misc:960 imb:237 pmb:154 smb:1649 d:- ref:0 ;
in:10 out:10 type:i dur:2 cpbdur:2 q:40.63 aq:34.31 tex:96329 mv:34218 misc:157 imb:2040 pmb:0 smb:0 d:- ref:;
in:14 out:11 type:P dur:2 cpbdur:2 q:45.51 aq:39.00 tex:518 mv:1673 misc:1001 imb:29 pmb:214 smb:1797 d:- ref:0 ;
in:12 out:12 type:B dur:2 cpbdur:2 q:45.51 aq:42.75 tex:67 mv:872 misc:557 imb:5 pmb:133 smb:1902 d:s ref:0 ;
in:11 out:13 type:b dur:2 cpbdur:2 q:45.51 aq:47.00 tex:10 mv:452 misc:498 imb:0 pmb:99 smb:1941 d:s ref:0 ;
in:13 out:14 type:b dur:2 cpbdur:2 q:45.51 aq:43.00 tex:16 mv:568 misc:432 imb:2 pmb:68 smb:1970 d:- ref:0 ;
in:18 out:15 type:P dur:2 cpbdur:2 q:50.89 aq:42.00 tex:166 mv:1353 misc:809 imb:32 pmb:156 smb:1852 d:s ref:0 ;
in:16 out:16 type:B dur:2 cpbdur:2 q:48.20 aq:36.72 tex:56 mv:1215 misc:745 imb:8 pmb:145 smb:1887 d:t ref:0 ;
in:15 out:17 type:b dur:2 cpbdur:2 q:46.85 aq:44.88 tex:61 mv:854 misc:557 imb:8 pmb:102 smb:1930 d:s ref:0 ;
in:17 out:18 type:b dur:2 cpbdur:2 q:49.55 aq:41.00 tex:6 mv:377 misc:329 imb:0 pmb:44 smb:1996 d:- ref:0 ;
in:22 out:19 type:P dur:2 cpbdur:2 q:46.89 aq:38.62 tex:1443 mv:2995 misc:1362 imb:87 pmb:292 smb:1661 d:s ref:0 ;
in:20 out:20 type:B dur:2 cpbdur:2 q:48.89 aq:41.22 tex:40 mv:998 misc:650 imb:7 pmb:124 smb:1909 d:t ref:0 ;
in:19 out:21 type:b dur:2 cpbdur:2 q:49.89 aq:43.00 tex:11 mv:718 misc:455 imb:1 pmb:86 smb:1953 d:s ref:0 ;
in:21 out:22 type:b dur:2 cpbdur:2 q:47.89 aq:46.79 tex:46 mv:479 misc:363 imb:4 pmb:51 smb:1985 d:- ref:0 ;
in:26 out:23 type:P dur:2 cpbdur:2 q:47.98 aq:41.59 tex:936 mv:2265 misc:1175 imb:56 pmb:222 smb:1762 d:s ref:0 ;
in:24 out:24 type:B dur:2 cpbdur:2 q:47.44 aq:41.00 tex:32 mv:1233 misc:711 imb:5 pmb:146 smb:1889 d:t ref:0 ;
in:23 out:25 type:b dur:2 cpbdur:2 q:47.17 aq:41.00 tex:19 mv:745 misc:484 imb:3 pmb:87 smb:1950 d:s ref:0 ;
in:25 out:26 type:b dur:2 cpbdur:2 q:47.71 aq:43.44 tex:30 mv:441 misc:369 imb:2 pmb:50 smb:1988 d:- ref:0 ;
in:30 out:27 type:P dur:2 cpbdur:2 q:45.35 aq:40.22 tex:3526 mv:3611 misc:1607 imb:107 pmb:396 smb:1537 d:s ref:0 ;
in:28 out:28 type:B dur:2 cpbdur:2 q:46.66 aq:40.03 tex:57 mv:1266 misc:797 imb:7 pmb:174 smb:1859 d:t ref:0 ;
in:27 out:29 type:b dur:2 cpbdur:2 q:47.32 aq:41.00 tex:16 mv:807 misc:521 imb:0 pmb:100 smb:1940 d:s ref:0 ;
in:29 out:30 type:b dur:2 cpbdur:2 q:46.01 aq:48.16 tex:25 mv:463 misc:384 imb:1 pmb:55 smb:1984 d:- ref:0 ;
in:34 out:31 type:P dur:2 cpbdur:2 q:43.57 aq:37.13 tex:6582 mv:4628 misc:1822 imb:166 pmb:523 smb:1351 d:s ref:0 ;
in:32 out:32 type:B dur:2 cpbdur:2 q:44.46 aq:42.30 tex:38 mv:676 misc:518 imb:1 pmb:75 smb:1964 d:s ref:0 ;
in:31 out:33 type:b dur:2 cpbdur:2 q:44.90 aq:47.00 tex:28 mv:821 misc:567 imb:2 pmb:100 smb:1938 d:s ref:0 ;
in:33 out:34 type:b dur:2 cpbdur:2 q:44.01 aq:45.00 tex:37 mv:614 misc:485 imb:3 pmb:77 smb:1960 d:- ref:0 ;
in:38 out:35 type:P dur:2 cpbdur:2 q:42.15 aq:35.16 tex:6592 mv:4972 misc:1852 imb:121 pmb:592 smb:1327 d:s ref:0 ;
in:36 out:36 type:B dur:2 cpbdur:2 q:42.86 aq:37.62 tex:129 mv:657 misc:534 imb:7 pmb:71 smb:1962 d:s ref:0 ;
in:35 out:37 type:b dur:2 cpbdur:2 q:43.21 aq:44.29 tex:48 mv:782 misc:650 imb:1 pmb:122 smb:1917 d:s ref:0 ;
in:37 out:38 type:b dur:2 cpbdur:2 q:42.51 aq:42.25 tex:54 mv:786 misc:552 imb:3 pmb:101 smb:1936 d:- ref:0 ;
in:42 out:39 type:P dur:2 cpbdur:2 q:41.12 aq:34.58 tex:11393 mv:5493 misc:2050 imb:166 pmb:696 smb:1178 d:s ref:0 ;
in:40 out:40 type:B dur:2 cpbdur:2 q:41.64 aq:38.64 tex:130 mv:1020 misc:914 imb:5 pmb:216 smb:1819 d:s ref:0 ;
in:39 out:41 type:b dur:2 cpbdur:2 q:41.90 aq:40.00 tex:39 mv:1235 misc:790 imb:9 pmb:163 smb:1868 d:s ref:0 ;
in:41 out:42 type:b dur:2 cpbdur:2 q:41.38 aq:37.49 tex:35 mv:842 misc:619 imb:4 pmb:121 smb:1915 d:- ref:0 ;
in:46 out:43 type:P dur:2 cpbdur:2 q:40.46 aq:33.57 tex:11351 mv:5687 misc:1986 imb:182 pmb:724 smb:1134 d:s ref:0 ;
in:44 out:44 type:B dur:2 cpbdur:2 q:40.79 aq:39.81 tex:157 mv:1200 misc:1163 imb:5 pmb:288 smb:1747 d:s ref:0 ;
in:43 out:45 type:b dur:2 cpbdur:2 q:40.96 aq:39.00 tex:30 mv:1255 misc:755 imb:5 pmb:156 smb:1879 d:s ref:0 ;
in:45 out:46 type:b dur:2 cpbdur:2 q:40.63 aq:41.18 tex:120 mv:1076 misc:644 imb:6 pmb:134 smb:1900 d:- ref:0 ;
in:50 out:47 type:P dur:2 cpbdur:2 q:39.71 aq:33.46 tex:14125 mv:5552 misc:2019 imb:149 pmb:786 smb:1105 d:s ref:0 ;
in:48 out:48 type:B dur:2 cpbdur:2 q:40.08 aq:37.04 tex:142 mv:1100 misc:878 imb:1 pmb:190 smb:1849 d:s ref:0 ;
in:47 out:49 type:b dur:2 cpbdur:2 q:40.27 aq:36.32 tex:74 mv:1150 misc:768 imb:3 pmb:157 smb:1880 d:s ref:0 ;
in:49 out:50 type:b dur:2 cpbdur:2 q:39.90 aq:40.24 tex:84 mv:977 misc:667 imb:9 pmb:148 smb:1883 d:- ref:0 ;
in:54 out:51 type:P dur:2 cpbdur:2 q:39.16 aq:32.75 tex:12604 mv:5163 misc:2025 imb:148 pmb:722 smb:1170 d:s ref:0 ;
in:52 out:52 type:B dur:2 cpbdur:2 q:39.44 aq:34.74 tex:140 mv:1193 misc:1083 imb:4 pmb:258 smb:1778 d:s ref:0 ;
in:51 out:53 type:b dur:2 cpbdur:2 q:39.57 aq:39.47 tex:91 mv:1390 misc:903 imb:3 pmb:211 smb:1826 d:s ref:0 ;
in:53 out:54 type:b dur:2 cpbdur:2 q:39.30 aq:37.00 tex:32 mv:999 misc:673 imb:4 pmb:138 smb:1898 d:- ref:0 ;
in:58 out:55 type:P dur:2 cpbdur:2 q:38.64 aq:32.28 tex:15510 mv:5896 misc:2018 imb:188 pmb:834 smb:1018 d:s ref:0 ;
in:56 out:56 type:B dur:2 cpbdur:2 q:38.90 aq:34.71 tex:75 mv:962 misc:899 imb:1 pmb:212 smb:1827 d:s ref:0 ;
in:55 out:57 type:b dur:2 cpbdur:2 q:39.03 aq:41.40 tex:55 mv:1330 misc:783 imb:2 pmb:174 smb:1864 d:s ref:0 ;
in:57 out:58 type:b dur:2 cpbdur:2 q:38.77 aq:37.00 tex:62 mv:1290 misc:808 imb:3 pmb:194 smb:1843 d:- ref:0 ;
in:62 out:59 type:P dur:2 cpbdur:2 q:38.41 aq:32.95 tex:17078 mv:5587 misc:1959 imb:187 pmb:812 smb:1041 d:s ref:0 ;
in:60 out:60 type:B dur:2 cpbdur:2 q:38.53 aq:33.99 tex:131 mv:1114 misc:947 imb:3 pmb:223 smb:1814 d:s ref:0 ;
in:59 out:61 type:b dur:2 cpbdur:2 q:38.59 aq:35.11 tex:132 mv:1498 misc:874 imb:5 pmb:190 smb:1845 d:s ref:0 ;
in:61 out:62 type:b dur:2 cpbdur:2 q:38.47 aq:35.99 tex:79 mv:1046 misc:747 imb:3 pmb:166 smb:1871 d:- ref:0 ;
in:66 out:63 type:P dur:2 cpbdur:2 q:38.03 aq:32.56 tex:12062 mv:4972 misc:2006 imb:143 pmb:727 smb:1170 d:s ref:0 ;
in:64 out:64 type:B dur:2 cpbdur:2 q:38.22 aq:34.72 tex:187 mv:976 misc:965 imb:4 pmb:201 smb:1835 d:s ref:0 ;
in:63 out:65 type:b dur:2 cpbdur:2 q:38.32 aq:38.34 tex:117 mv:1054 misc:869 imb:5 pmb:194 smb:1841 d:s ref:0 ;
in:65 out:66 type:b dur:2 cpbdur:2 q:38.12 aq:39.68 tex:82 mv:1069 misc:721 imb:7 pmb:152 smb:1881 d:- ref:0 ;
in:70 out:67 type:P dur:2 cpbdur:2 q:37.67 aq:33.39 tex:7242 mv:4272 misc:1934 imb:113 pmb:554 smb:1373 d:s ref:0 ;
in:68 out:68 type:B dur:2 cpbdur:2 q:37.85 aq:35.89 tex:297 mv:1116 misc:899 imb:5 pmb:184 smb:1851 d:s ref:0 ;
in:67 out:69 type:b dur:2 cpbdur:2 q:37.94 aq:36.00 tex:45 mv:1226 misc:777 imb:2 pmb:186 smb:1852 d:s ref:0 ;
in:69 out:70 type:b dur:2 cpbdur:2 q:37.76 aq:31.37 tex:47 mv:883 misc:670 imb:6 pmb:135 smb:1899 d:- ref:0 ;
in:74 out:71 type:P dur:2 cpbdur:2 q:37.24 aq:32.69 tex:4472 mv:3425 misc:1607 imb:91 pmb:393 smb:1556 d:s ref:0 ;
in:72 out:72 type:B dur:2 cpbdur:2 q:37.45 aq:35.58 tex:708 mv:1582 misc:1134 imb:11 pmb:241 smb:1788 d:s ref:0 ;
in:71 out:73 type:b dur:2 cpbdur:2 q:37.56 aq:36.52 tex:79 mv:1075 misc:726 imb:0 pmb:166 smb:1874 d:s ref:0 ;
in:73 out:74 type:b dur:2 cpbdur:2 q:37.35 aq:33.28 tex:91 mv:1145 misc:740 imb:4 pmb:151 smb:1885 d:- ref:0 ;
in:75 out:75 type:P dur:2 cpbdur:2 q:36.79 aq:33.53 tex:1859 mv:1955 misc:1258 imb:32 pmb:266 smb:1742 d:s ref:0 ;
in:76 out:76 type:I dur:2 cpbdur:2 q:36.43 aq:30.45 tex:154348 mv:46399 misc:173 imb:2040 pmb:0 smb:0 d:s ref:;
in:80 out:77 type:P dur:2 cpbdur:2 q:39.03 aq:32.73 tex:3356 mv:2986 misc:1458 imb:34 pmb:400 smb:1606 d:s ref:0 ;
in:78 out:78 type:B dur:2 cpbdur:2 q:39.03 aq:31.00 tex:45 mv:999 misc:716 imb:0 pmb:152 smb:1888 d:s ref:0 ;
in:77 out:79 type:b dur:2 cpbdur:2 q:39.03 aq:32.52 tex:57 mv:938 misc:781 imb:1 pmb:159 smb:1880 d:t ref:0 ;
in:79 out:80 type:b dur:2 cpbdur:2 q:39.03 aq:33.65 tex:80 mv:1378 misc:990 imb:3 pmb:248 smb:1789 d:- ref:0 ;
in:84 out:81 type:P dur:2 cpbdur:2 q:38.59 aq:32.36 tex:7823 mv:4459 misc:1686 imb:67 pmb:530 smb:1443 d:s ref:0 ;
in:82 out:82 type:B dur:2 cpbdur:2 q:38.81 aq:38.08 tex:101 mv:1540 misc:815 imb:1 pmb:182 smb:1857 d:s ref:0 ;
in:81 out:83 type:b dur:2 cpbdur:2 q:38.92 aq:31.00 tex:34 mv:1217 misc:821 imb:1 pmb:178 smb:1861 d:t ref:0 ;
in:83 out:84 type:b dur:2 cpbdur:2 q:38.70 aq:34.13 tex:163 mv:1295 misc:982 imb:0 pmb:235 smb:1805 d:- ref:0 ;
in:88 out:85 type:P dur:2 cpbdur:2 q:38.15 aq:32.10 tex:10111 mv:4995 misc:1830 imb:73 pmb:655 smb:1312 d:s ref:0 ;
in:86 out:86 type:B dur:2 cpbdur:2 q:38.37 aq:38.76 tex:207 mv:1736 misc:977 imb:3 pmb:220 smb:1817 d:s ref:0 ;
in:85 out:87 type:b dur:2 cpbdur:2 q:38.48 aq:39.12 tex:64 mv:1217 misc:759 imb:2 pmb:158 smb:1880 d:t ref:0 ;
in:87 out:88 type:b dur:2 cpbdur:2 q:38.26 aq:39.66 tex:66 mv:1383 misc:903 imb:3 pmb:222 smb:1815 d:- ref:0 ;
in:92 out:89 type:P dur:2 cpbdur:2 q:38.71 aq:32.17 tex:9351 mv:4836 misc:1861 imb:66 pmb:640 smb:1334 d:s ref:0 ;
in:90 out:90 type:B dur:2 cpbdur:2 q:38.43 aq:34.03 tex:253 mv:1478 misc:869 imb:1 pmb:187 smb:1852 d:s ref:0 ;
in:89 out:91 type:b dur:2 cpbdur:2 q:38.29 aq:30.00 tex:54 mv:1019 misc:735 imb:0 pmb:148 smb:1892 d:t ref:0 ;
in:91 out:92 type:b dur:2 cpbdur:2 q:38.57 aq:37.51 tex:123 mv:1252 misc:897 imb:3 pmb:219 smb:1818 d:- ref:0 ;
in:96 out:93 type:P dur:2 cpbdur:2 q:38.28 aq:32.27 tex:12561 mv:5436 misc:1923 imb:85 pmb:746 smb:1209 d:s ref:0 ;
in:94 out:94 type:B dur:2 cpbdur:2 q:38.49 aq:38.74 tex:298 mv:1663 misc:879 imb:5 pmb:199 smb:1836 d:s ref:0 ;
in:93 out:95 type:b dur:2 cpbdur:2 q:38.60 aq:30.00 tex:37 mv:1149 misc:798 imb:3 pmb:171 smb:1866 d:t ref:0 ;
in:95 out:96 type:b dur:2 cpbdur:2 q:38.39 aq:35.59 tex:95 mv:837 misc:692 imb:0 pmb:133 smb:1907 d:- ref:0 ;
in:100 out:97 type:P dur:2 cpbdur:2 q:37.80 aq:30.71 tex:16973 mv:6310 misc:1981 imb:103 pmb:916 smb:1021 d:s ref:0 ;
in:98 out:98 type:B dur:2 cpbdur:2 q:38.04 aq:33.10 tex:251 mv:1850 misc:955 imb:6 pmb:220 smb:1814 d:s ref:0 ;
in:97 out:99 type:b dur:2 cpbdur:2 q:38.16 aq:29.00 tex:36 mv:1089 misc:771 imb:2 pmb:156 smb:1882 d:s ref:0 ;
in:99 out:100 type:b dur:2 cpbdur:2 q:37.92 aq:38.01 tex:124 mv:1188 misc:928 imb:2 pmb:227 smb:1811 d:- ref:0 ;
in:104 out:101 type:P dur:2 cpbdur:2 q:37.59 aq:30.78 tex:16655 mv:6274 misc:2015 imb:111 pmb:909 smb:1020 d:s ref:0 ;
in:102 out:102 type:B dur:2 cpbdur:2 q:37.70 aq:35.07 tex:290 mv:1863 misc:967 imb:5 pmb:229 smb:1806 d:s ref:0 ;
in:101 out:103 type:b dur:2 cpbdur:2 q:37.75 aq:28.47 tex:50 mv:1058 misc:748 imb:0 pmb:153 smb:1887 d:t ref:0 ;
in:103 out:104 type:b dur:2 cpbdur:2 q:37.64 aq:29.57 tex:131 mv:1009 misc:828 imb:3 pmb:183 smb:1854 d:- ref:0 ;
in:108 out:105 type:P dur:2 cpbdur:2 q:37.29 aq:30.59 tex:19859 mv:6408 misc:1933 imb:113 pmb:961 smb:966 d:s ref:0 ;
in:106 out:106 type:B dur:2 cpbdur:2 q:37.44 aq:33.49 tex:218 mv:1891 misc:947 imb:8 pmb:207 smb:1825 d:s ref:0 ;
in:105 out:107 type:b dur:2 cpbdur:2 q:37.52 aq:34.11 tex:71 mv:1184 misc:761 imb:1 pmb:157 smb:1882 d:t ref:0 ;
in:107 out:108 type:b dur:2 cpbdur:2 q:37.37 aq:32.45 tex:86 mv:1171 misc:791 imb:4 pmb:175 smb:1861 d:- ref:0 ;
in:112 out:109 type:P dur:2 cpbdur:2 q:37.19 aq:30.55 tex:19433 mv:6479 misc:1976 imb:113 pmb:940 smb:987 d:s ref:0 ;
in:110 out:110 type:B dur:2 cpbdur:2 q:37.24 aq:33.32 tex:309 mv:1937 misc:938 imb:5 pmb:204 smb:1831 d:s ref:0 ;
in:109 out:111 type:b dur:2 cpbdur:2 q:37.27 aq:28.00 tex:28 mv:1101 misc:719 imb:0 pmb:147 smb:1893 d:s ref:0 ;
in:111 out:112 type:b dur:2 cpbdur:2 q:37.22 aq:30.42 tex:112 mv:1295 misc:921 imb:1 pmb:213 smb:1826 d:- ref:0 ;
in:116 out:113 type:P dur:2 cpbdur:2 q:36.96 aq:30.43 tex:25556 mv:7042 misc:1914 imb:134 pmb:1042 smb:864 d:s ref:0 ;
in:114 out:114 type:B dur:2 cpbdur:2 q:37.07 aq:34.63 tex:438 mv:1855 misc:947 imb:8 pmb:190 smb:1842 d:s ref:0 ;
in:113 out:115 type:b dur:2 cpbdur:2 q:37.13 aq:29.19 tex:59 mv:1173 misc:744 imb:0 pmb:159 smb:1881 d:t ref:0 ;
in:115 out:116 type:b dur:2 cpbdur:2 q:37.01 aq:37.27 tex:98 mv:1392 misc:910 imb:1 pmb:215 smb:1824 d:- ref:0 ;
in:120 out:117 type:P dur:2 cpbdur:2 q:36.97 aq:30.56 tex:24945 mv:6574 misc:1865 imb:116 pmb:1009 smb:915 d:s ref:0 ;
in:118 out:118 type:B dur:2 cpbdur:2 q:36.96 aq:35.84 tex:286 mv:1844 misc:878 imb:7 pmb:181 smb:1852 d:s ref:0 ;
in:117 out:119 type:b dur:2 cpbdur:2 q:36.96 aq:30.55 tex:101 mv:1291 misc:816 imb:2 pmb:167 smb:1871 d:t ref:0 ;
in:119 out:120 type:b dur:2 cpbdur:2 q:36.97 aq:35.03 tex:141 mv:1370 misc:1001 imb:3 pmb:236 smb:1801 d:- ref:0 ;
in:124 out:121 type:P dur:2 cpbdur:2 q:36.80 aq:30.36 tex:22753 mv:7319 misc:1944 imb:145 pmb:1038 smb:857 d:s ref:0 ;
in:122 out:122 type:B dur:2 cpbdur:2 q:36.89 aq:36.28 tex:462 mv:2124 misc:990 imb:9 pmb:215 smb:1816 d:s ref:0 ;
in:121 out:123 type:b dur:2 cpbdur:2 q:36.93 aq:33.53 tex:149 mv:1337 misc:842 imb:3 pmb:169 smb:1868 d:t ref:0 ;
in:123 out:124 type:b dur:2 cpbdur:2 q:36.84 aq:37.39 tex:130 mv:1520 misc:990 imb:1 pmb:232 smb:1807 d:- ref:0 ;
in:128 out:125 type:P dur:2 cpbdur:2 q:36.85 aq:30.51 tex:18183 mv:6894 misc:2067 imb:125 pmb:921 smb:994 d:s ref:0 ;
in:126 out:126 type:B dur:2 cpbdur:2 q:36.83 aq:33.39 tex:417 mv:2155 misc:948 imb:6 pmb:223 smb:1811 d:s ref:0 ;
in:125 out:127 type:b dur:2 cpbdur:2 q:36.81 aq:30.05 tex:88 mv:1315 misc:789 imb:2 pmb:169 smb:1869 d:t ref:0 ;
in:127 out:128 type:b dur:2 cpbdur:2 q:36.84 aq:35.91 tex:124 mv:1285 misc:919 imb:5 pmb:227 smb:1808 d:- ref:0 ;
in:132 out:129 type:P dur:2 cpbdur:2 q:36.74 aq:30.04 tex:19388 mv:7385 misc:1987 imb:148 pmb:962 smb:930 d:s ref:0 ;
in:130 out:130 type:B dur:2 cpbdur:2 q:36.80 aq:32.74 tex:342 mv:2354 misc:1064 imb:7 pmb:237 smb:1796 d:s ref:0 ;
in:129 out:131 type:b dur:2 cpbdur:2 q:36.82 aq:34.80 tex:135 mv:1398 misc:819 imb:2 pmb:161 smb:1877 d:t ref:0 ;
in:131 out:132 type:b dur:2 cpbdur:2 q:36.77 aq:37.04 tex:255 mv:1216 misc:865 imb:3 pmb:208 smb:1829 d:- ref:0 ;
in:136 out:133 type:P dur:2 cpbdur:2 q:36.80 aq:30.39 tex:17964 mv:6895 misc:1973 imb:128 pmb:935 smb:977 d:s ref:0 ;
in:134 out:134 type:B dur:2 cpbdur:2 q:36.77 aq:35.84 tex:465 mv:2398 misc:1017 imb:10 pmb:239 smb:1791 d:s ref:0 ;
in:133 out:135 type:b dur:2 cpbdur:2 q:36.75 aq:28.19 tex:86 mv:1314 misc:816 imb:1 pmb:172 smb:1867 d:t ref:0 ;
in:135 out:136 type:b dur:2 cpbdur:2 q:36.78 aq:37.43 tex:232 mv:1485 misc:947 imb:3 pmb:214 smb:1823 d:- ref:0 ;
in:140 out:137 type:P dur:2 cpbdur:2 q:36.63 aq:30.00 tex:21668 mv:7787 misc:1961 imb:192 pmb:978 smb:870 d:s ref:0 ;
in:138 out:138 type:B dur:2 cpbdur:2 q:36.71 aq:30.63 tex:532 mv:2365 misc:1055 imb:7 pmb:252 smb:1781 d:s ref:0 ;
in:137 out:139 type:b dur:2 cpbdur:2 q:36.75 aq:35.62 tex:122 mv:1529 misc:845 imb:3 pmb:179 smb:1858 d:t ref:0 ;
in:139 out:140 type:b dur:2 cpbdur:2 q:36.67 aq:31.72 tex:141 mv:1352 misc:979 imb:2 pmb:226 smb:1812 d:- ref:0 ;
in:144 out:141 type:P dur:2 cpbdur:2 q:36.55 aq:30.54 tex:19352 mv:6698 misc:1894 imb:137 pmb:923 smb:980 d:s ref:0 ;
in:142 out:142 type:B dur:2 cpbdur:2 q:36.59 aq:36.11 tex:525 mv:2428 misc:1103 imb:4 pmb:288 smb:1748 d:s ref:0 ;
in:141 out:143 type:b dur:2 cpbdur:2 q:36.61 aq:28.19 tex:79 mv:1395 misc:782 imb:1 pmb:159 smb:1880 d:s ref:0 ;
in:143 out:144 type:b dur:2 cpbdur:2 q:36.57 aq:31.35 tex:199 mv:1318 misc:915 imb:2 pmb:208 smb:1830 d:- ref:0 ;
in:148 out:145 type:P dur:2 cpbdur:2 q:36.30 aq:30.38 tex:21127 mv:6706 misc:1991 imb:139 pmb:938 smb:963 d:s ref:0 ;
in:146 out:146 type:B dur:2 cpbdur:2 q:36.43 aq:33.64 tex:572 mv:2196 misc:1064 imb:4 pmb:265 smb:1771 d:s ref:0 ;
in:145 out:147 type:b dur:2 cpbdur:2 q:36.49 aq:31.71 tex:122 mv:1439 misc:807 imb:0 pmb:172 smb:1868 d:t ref:0 ;
in:147 out:148 type:b dur:2 cpbdur:2 q:36.36 aq:36.62 tex:167 mv:1454 misc:963 imb:2 pmb:246 smb:1792 d:- ref:0 ;
in:152 out:149 type:P dur:2 cpbdur:2 q:36.35 aq:30.30 tex:16975 mv:6287 misc:2002 imb:126 pmb:817 smb:1097 d:s ref:0 ;
in:150 out:150 type:B dur:2 cpbdur:2 q:36.32 aq:34.17 tex:496 mv:1926 misc:970 imb:3 pmb:225 smb:1812 d:s ref:0 ;
in:149 out:151 type:b dur:2 cpbdur:2 q:36.31 aq:31.08 tex:143 mv:1457 misc:840 imb:3 pmb:186 smb:1851 d:t ref:0 ;
in:151 out:152 type:b dur:2 cpbdur:2 q:36.34 aq:33.52 tex:203 mv:1232 misc:853 imb:4 pmb:201 smb:1835 d:- ref:0 ;
in:156 out:153 type:P dur:2 cpbdur:2 q:36.24 aq:30.60 tex:16651 mv:6432 misc:1949 imb:121 pmb:877 smb:1042 d:s ref:0 ;
in:154 out:154 type:B dur:2 cpbdur:2 q:36.29 aq:32.29 tex:363 mv:2211 misc:1034 imb:8 pmb:226 smb:1806 d:s ref:0 ;
in:153 out:155 type:b dur:2 cpbdur:2 q:36.32 aq:33.55 tex:128 mv:1333 misc:827 imb:2 pmb:180 smb:1858 d:s ref:0 ;
in:155 out:156 type:b dur:2 cpbdur:2 q:36.26 aq:33.69 tex:182 mv:1217 misc:801 imb:4 pmb:192 smb:1844 d:- ref:0 ;
in:160 out:157 type:P dur:2 cpbdur:2 q:36.24 aq:30.62 tex:16212 mv:6325 misc:1943 imb:121 pmb:832 smb:1087 d:s ref:0 ;
in:158 out:158 type:B dur:2 cpbdur:2 q:36.24 aq:35.41 tex:354 mv:1851 misc:867 imb:5 pmb:209 smb:1826 d:s ref:0 ;
in:157 out:159 type:b dur:2 cpbdur:2 q:36.24 aq:30.81 tex:113 mv:1118 misc:777 imb:3 pmb:161 smb:1876 d:t ref:0 ;
in:159 out:160 type:b dur:2 cpbdur:2 q:36.24 aq:34.24 tex:151 mv:1084 misc:845 imb:1 pmb:209 smb:1830 d:- ref:0 ;
in:164 out:161 type:P dur:2 cpbdur:2 q:36.05 aq:30.82 tex:17483 mv:6357 misc:1952 imb:144 pmb:851 smb:1045 d:s ref:0 ;
in:162 out:162 type:B dur:2 cpbdur:2 q:36.14 aq:31.73 tex:436 mv:2132 misc:904 imb:8 pmb:229 smb:1803 d:s ref:0 ;
in:161 out:163 type:b dur:2 cpbdur:2 q:36.19 aq:34.47 tex:102 mv:1290 misc:896 imb:1 pmb:205 smb:1834 d:t ref:0 ;
in:163 out:164 type:b dur:2 cpbdur:2 q:36.10 aq:33.31 tex:80 mv:1110 misc:754 imb:3 pmb:171 smb:1866 d:- ref:0 ;
in:166 out:165 type:P dur:2 cpbdur:2 q:35.96 aq:31.21 tex:11702 mv:3924 misc:1878 imb:69 pmb:672 smb:1299 d:s ref:0 ;
in:165 out:166 type:b dur:2 cpbdur:2 q:36.01 aq:32.85 tex:68 mv:1231 misc:757 imb:3 pmb:174 smb:1863 d:t ref:0 ;
in:170 out:167 type:P dur:2 cpbdur:2 q:35.83 aq:31.36 tex:24999 mv:7163 misc:1870 imb:150 pmb:974 smb:916 d:s ref:0 ;
in:168 out:168 type:B dur:2 cpbdur:2 q:35.90 aq:32.06 tex:658 mv:1993 misc:1101 imb:8 pmb:252 smb:1780 d:s ref:0 ;
in:167 out:169 type:b dur:2 cpbdur:2 q:35.93 aq:34.49 tex:328 mv:1282 misc:806 imb:4 pmb:195 smb:1841 d:s ref:0 ;
in:169 out:170 type:b dur:2 cpbdur:2 q:35.86 aq:37.58 tex:78 mv:1231 misc:835 imb:0 pmb:192 smb:1848 d:- ref:0 ;
in:174 out:171 type:P dur:2 cpbdur:2 q:35.64 aq:31.45 tex:21778 mv:6936 misc:1926 imb:132 pmb:963 smb:945 d:s ref:0 ;
in:172 out:172 type:B dur:2 cpbdur:2 q:35.73 aq:33.57 tex:853 mv:2191 misc:1092 imb:12 pmb:261 smb:1767 d:s ref:0 ;
in:171 out:173 type:b dur:2 cpbdur:2 q:35.78 aq:32.37 tex:271 mv:1492 misc:869 imb:7 pmb:210 smb:1823 d:s ref:0 ;
in:173 out:174 type:b dur:2 cpbdur:2 q:35.69 aq:33.47 tex:212 mv:1416 misc:844 imb:3 pmb:189 smb:1848 d:- ref:0 ;
in:178 out:175 type:P dur:2 cpbdur:2 q:35.46 aq:32.16 tex:11137 mv:6148 misc:1939 imb:100 pmb:767 smb:1173 d:s ref:0 ;
in:176 out:176 type:B dur:2 cpbdur:2 q:35.55 aq:32.05 tex:1745 mv:2698 misc:1389 imb:23 pmb:340 smb:1677 d:s ref:0 ;
in:175 out:177 type:b dur:2 cpbdur:2 q:35.59 aq:36.52 tex:334 mv:1758 misc:900 imb:3 pmb:220 smb:1817 d:s ref:0 ;
in:177 out:178 type:b dur:2 cpbdur:2 q:35.50 aq:34.16 tex:248 mv:1403 misc:861 imb:3 pmb:201 smb:1836 d:- ref:0 ;
in:182 out:179 type:P dur:2 cpbdur:2 q:35.40 aq:32.93 tex:3221 mv:3040 misc:1251 imb:65 pmb:332 smb:1643 d:s ref:0 ;
in:180 out:180 type:B dur:2 cpbdur:2 q:35.43 aq:33.05 tex:2556 mv:3057 misc:1507 imb:23 pmb:377 smb:1640 d:s ref:0 ;
in:179 out:181 type:b dur:2 cpbdur:2 q:35.44 aq:33.60 tex:400 mv:1596 misc:948 imb:6 pmb:205 smb:1829 d:s ref:0 ;
in:181 out:182 type:b dur:2 cpbdur:2 q:35.41 aq:34.94 tex:341 mv:1763 misc:928 imb:7 pmb:200 smb:1833 d:- ref:0 ;
in:183 out:183 type:I dur:2 cpbdur:2 q:33.07 aq:26.15 tex:151200 mv:35664 misc:160 imb:2040 pmb:0 smb:0 d:s ref:;
in:187 out:184 type:P dur:2 cpbdur:2 q:36.51 aq:30.16 tex:20023 mv:7054 misc:1507 imb:208 pmb:572 smb:1260 d:s ref:0 ;
in:185 out:185 type:B dur:2 cpbdur:2 q:36.51 aq:34.87 tex:2274 mv:2706 misc:1012 imb:16 pmb:259 smb:1765 d:s ref:0 ;
in:184 out:186 type:b dur:2 cpbdur:2 q:36.51 aq:36.53 tex:822 mv:2037 misc:813 imb:6 pmb:183 smb:1851 d:s ref:0 ;
in:186 out:187 type:b dur:2 cpbdur:2 q:36.51 aq:37.37 tex:722 mv:1570 misc:836 imb:6 pmb:156 smb:1878 d:- ref:0 ;
in:191 out:188 type:P dur:2 cpbdur:2 q:36.44 aq:29.80 tex:21288 mv:7402 misc:1622 imb:251 pmb:614 smb:1175 d:s ref:0 ;
in:189 out:189 type:B dur:2 cpbdur:2 q:36.48 aq:34.60 tex:2718 mv:3004 misc:1198 imb:15 pmb:308 smb:1717 d:s ref:0 ;
in:188 out:190 type:b dur:2 cpbdur:2 q:36.49 aq:35.18 tex:890 mv:2289 misc:997 imb:6 pmb:233 smb:1801 d:s ref:0 ;
in:190 out:191 type:b dur:2 cpbdur:2 q:36.46 aq:37.36 tex:600 mv:1650 misc:910 imb:2 pmb:191 smb:1847 d:- ref:0 ;
in:195 out:192 type:P dur:2 cpbdur:2 q:36.33 aq:30.25 tex:22030 mv:7552 misc:1666 imb:219 pmb:666 smb:1155 d:s ref:0 ;
in:193 out:193 type:B dur:2 cpbdur:2 q:36.39 aq:34.13 tex:2795 mv:3018 misc:1235 imb:16 pmb:334 smb:1690 d:s ref:0 ;
in:192 out:194 type:b dur:2 cpbdur:2 q:36.41 aq:37.42 tex:1001 mv:2113 misc:974 imb:5 pmb:238 smb:1797 d:s ref:0 ;
in:194 out:195 type:b dur:2 cpbdur:2 q:36.36 aq:36.75 tex:481 mv:1752 misc:855 imb:1 pmb:182 smb:1857 d:- ref:0 ;
in:199 out:196 type:P dur:2 cpbdur:2 q:36.70 aq:29.65 tex:22651 mv:7806 misc:1655 imb:281 pmb:658 smb:1101 d:s ref:0 ;
in:197 out:197 type:B dur:2 cpbdur:2 q:36.52 aq:35.40 tex:2137 mv:2970 misc:1141 imb:20 pmb:271 smb:1749 d:s ref:0 ;
in:196 out:198 type:b dur:2 cpbdur:2 q:36.43 aq:36.30 tex:599 mv:2107 misc:950 imb:6 pmb:211 smb:1823 d:s ref:0 ;
in:198 out:199 type:b dur:2 cpbdur:2 q:36.61 aq:38.41 tex:406 mv:1169 misc:657 imb:3 pmb:122 smb:1915 d:- ref:0 ;
in:203 out:200 type:P dur:2 cpbdur:2 q:36.66 aq:29.98 tex:21176 mv:7274 misc:1710 imb:228 pmb:680 smb:1132 d:s ref:0 ;
in:201 out:201 type:B dur:2 cpbdur:2 q:36.68 aq:35.60 tex:2108 mv:2375 misc:997 imb:11 pmb:230 smb:1799 d:s ref:0 ;
in:200 out:202 type:b dur:2 cpbdur:2 q:36.69 aq:36.97 tex:928 mv:1742 misc:906 imb:9 pmb:197 smb:1834 d:s ref:0 ;
in:202 out:203 type:b dur:2 cpbdur:2 q:36.67 aq:36.85 tex:469 mv:1002 misc:545 imb:4 pmb:96 smb:1940 d:- ref:0 ;
in:207 out:204 type:P dur:2 cpbdur:2 q:36.68 aq:30.08 tex:21484 mv:6849 misc:1763 imb:239 pmb:678 smb:1123 d:s ref:0 ;
in:205 out:205 type:B dur:2 cpbdur:2 q:36.67 aq:35.97 tex:2336 mv:2439 misc:1041 imb:13 pmb:253 smb:1774 d:s ref:0 ;
in:204 out:206 type:b dur:2 cpbdur:2 q:36.67 aq:38.21 tex:1026 mv:1557 misc:761 imb:5 pmb:159 smb:1876 d:s ref:0 ;
in:206 out:207 type:b dur:2 cpbdur:2 q:36.68 aq:40.44 tex:677 mv:881 misc:442 imb:3 pmb:74 smb:1963 d:- ref:0 ;
in:211 out:208 type:P dur:2 cpbdur:2 q:36.75 aq:30.12 tex:17939 mv:5948 misc:1729 imb:172 pmb:606 smb:1262 d:s ref:0 ;
in:209 out:209 type:B dur:2 cpbdur:2 q:36.72 aq:37.29 tex:2007 mv:2241 misc:912 imb:7 pmb:208 smb:1825 d:s ref:0 ;
in:208 out:210 type:b dur:2 cpbdur:2 q:36.70 aq:40.08 tex:906 mv:1227 misc:563 imb:7 pmb:112 smb:1921 d:s ref:0 ;
in:210 out:211 type:b dur:2 cpbdur:2 q:36.74 aq:37.52 tex:698 mv:705 misc:461 imb:3 pmb:73 smb:1964 d:- ref:0 ;
in:215 out:212 type:P dur:2 cpbdur:2 q:36.75 aq:30.06 tex:18693 mv:5651 misc:1680 imb:180 pmb:604 smb:1256 d:s ref:0 ;
in:213 out:213 type:B dur:2 cpbdur:2 q:36.75 aq:36.05 tex:2019 mv:2078 misc:831 imb:13 pmb:186 smb:1841 d:s ref:0 ;
in:212 out:214 type:b dur:2 cpbdur:2 q:36.75 aq:38.60 tex:783 mv:1257 misc:608 imb:4 pmb:118 smb:1918 d:s ref:0 ;
in:214 out:215 type:b dur:2 cpbdur:2 q:36.75 aq:38.62 tex:651 mv:679 misc:374 imb:3 pmb:56 smb:1981 d:- ref:0 ;
in:219 out:216 type:P dur:2 cpbdur:2 q:36.68 aq:30.42 tex:18924 mv:5359 misc:1669 imb:164 pmb:584 smb:1292 d:s ref:0 ;
in:217 out:217 type:B dur:2 cpbdur:2 q:36.71 aq:34.51 tex:1817 mv:1659 misc:740 imb:12 pmb:162 smb:1866 d:s ref:0 ;
in:216 out:218 type:b dur:2 cpbdur:2 q:36.73 aq:37.69 tex:614 mv:1236 misc:654 imb:2 pmb:139 smb:1899 d:s ref:0 ;
in:218 out:219 type:b dur:2 cpbdur:2 q:36.70 aq:36.02 tex:692 mv:599 misc:429 imb:4 pmb:69 smb:1967 d:- ref:0 ;
in:223 out:220 type:P dur:2 cpbdur:2 q:36.59 aq:29.57 tex:17838 mv:5092 misc:1750 imb:189 pmb:575 smb:1276 d:s ref:0 ;
in:221 out:221 type:B dur:2 cpbdur:2 q:36.63 aq:34.53 tex:2030 mv:1962 misc:936 imb:14 pmb:222 smb:1804 d:t ref:0 ;
in:220 out:222 type:b dur:2 cpbdur:2 q:36.66 aq:35.86 tex:874 mv:981 misc:529 imb:6 pmb:98 smb:1936 d:s ref:0 ;
in:222 out:223 type:b dur:2 cpbdur:2 q:36.61 aq:36.21 tex:704 mv:661 misc:355 imb:8 pmb:55 smb:1977 d:- ref:0 ;
in:227 out:224 type:P dur:2 cpbdur:2 q:36.51 aq:29.80 tex:17020 mv:5212 misc:1656 imb:175 pmb:582 smb:1283 d:s ref:0 ;
in:225 out:225 type:B dur:2 cpbdur:2 q:36.55 aq:34.49 tex:1439 mv:1675 misc:830 imb:13 pmb:183 smb:1844 d:t ref:0 ;
in:224 out:226 type:b dur:2 cpbdur:2 q:36.57 aq:35.60 tex:975 mv:949 misc:628 imb:7 pmb:131 smb:1902 d:s ref:0 ;
in:226 out:227 type:b dur:2 cpbdur:2 q:36.53 aq:36.37 tex:326 mv:488 misc:362 imb:2 pmb:53 smb:1985 d:- ref:0 ;
in:231 out:228 type:P dur:2 cpbdur:2 q:36.44 aq:29.58 tex:18381 mv:5413 misc:1646 imb:185 pmb:612 smb:1243 d:s ref:0 ;
in:229 out:229 type:B dur:2 cpbdur:2 q:36.47 aq:34.99 tex:1621 mv:1358 misc:677 imb:6 pmb:134 smb:1900 d:s ref:0 ;
in:228 out:230 type:b dur:2 cpbdur:2 q:36.49 aq:37.22 tex:665 mv:839 misc:528 imb:3 pmb:100 smb:1937 d:s ref:0 ;
in:230 out:231 type:b dur:2 cpbdur:2 q:36.46 aq:36.91 tex:614 mv:471 misc:331 imb:4 pmb:44 smb:1992 d:- ref:0 ;
in:235 out:232 type:P dur:2 cpbdur:2 q:36.35 aq:29.70 tex:15739 mv:4941 misc:1640 imb:146 pmb:586 smb:1308 d:s ref:0 ;
in:233 out:233 type:B dur:2 cpbdur:2 q:36.39 aq:35.74 tex:1013 mv:821 misc:590 imb:4 pmb:96 smb:1940 d:s ref:0 ;
in:232 out:234 type:b dur:2 cpbdur:2 q:36.42 aq:36.06 tex:547 mv:687 misc:534 imb:3 pmb:95 smb:1942 d:s ref:0 ;
in:234 out:235 type:b dur:2 cpbdur:2 q:36.37 aq:37.08 tex:260 mv:279 misc:301 imb:0 pmb:37 smb:2003 d:- ref:0 ;
in:239 out:236 type:P dur:2 cpbdur:2 q:36.24 aq:29.47 tex:17323 mv:5322 misc:1651 imb:163 pmb:609 smb:1268 d:s ref:0 ;
in:237 out:237 type:B dur:2 cpbdur:2 q:36.29 aq:34.00 tex:1125 mv:1144 misc:659 imb:2 pmb:126 smb:1912 d:s ref:0 ;
in:236 out:238 type:b dur:2 cpbdur:2 q:36.32 aq:34.63 tex:274 mv:479 misc:431 imb:2 pmb:64 smb:1974 d:s ref:0 ;
in:238 out:239 type:b dur:2 cpbdur:2 q:36.26 aq:35.79 tex:122 mv:333 misc:297 imb:1 pmb:35 smb:2004 d:- ref:0 ;
in:243 out:240 type:P dur:2 cpbdur:2 q:36.13 aq:29.94 tex:16252 mv:4824 misc:1612 imb:112 pmb:614 smb:1314 d:s ref:0 ;
in:241 out:241 type:B dur:2 cpbdur:2 q:36.18 aq:33.79 tex:883 mv:1149 misc:784 imb:3 pmb:168 smb:1869 d:t ref:0 ;
in:240 out:242 type:b dur:2 cpbdur:2 q:36.21 aq:35.49 tex:251 mv:578 misc:443 imb:0 pmb:64 smb:1976 d:s ref:0 ;
in:242 out:243 type:b dur:2 cpbdur:2 q:36.15 aq:31.75 tex:45 mv:294 misc:293 imb:0 pmb:37 smb:2003 d:- ref:0 ;
in:247 out:244 type:P dur:2 cpbdur:2 q:35.99 aq:29.48 tex:18365 mv:5095 misc:1660 imb:174 pmb:661 smb:1205 d:s ref:0 ;
in:245 out:245 type:B dur:2 cpbdur:2 q:36.06 aq:34.76 tex:1190 mv:1133 misc:765 imb:6 pmb:143 smb:1891 d:t ref:0 ;
in:244 out:246 type:b dur:2 cpbdur:2 q:36.09 aq:34.79 tex:242 mv:586 misc:500 imb:3 pmb:72 smb:1965 d:s ref:0 ;
in:246 out:247 type:b dur:2 cpbdur:2 q:36.03 aq:36.74 tex:67 mv:257 misc:276 imb:0 pmb:33 smb:2007 d:- ref:0 ;
in:251 out:248 type:P dur:2 cpbdur:2 q:35.85 aq:29.84 tex:19089 mv:5105 misc:1646 imb:157 pmb:652 smb:1231 d:s ref:0 ;
in:249 out:249 type:B dur:2 cpbdur:2 q:35.92 aq:34.30 tex:925 mv:1157 misc:774 imb:6 pmb:157 smb:1877 d:t ref:0 ;
in:248 out:250 type:b dur:2 cpbdur:2 q:35.96 aq:31.90 tex:424 mv:620 misc:532 imb:5 pmb:78 smb:1957 d:s ref:0 ;
in:250 out:251 type:b dur:2 cpbdur:2 q:35.88 aq:37.04 tex:178 mv:314 misc:308 imb:1 pmb:38 smb:2001 d:- ref:0 ;
in:255 out:252 type:P dur:2 cpbdur:2 q:35.71 aq:29.73 tex:22426 mv:5778 misc:1812 imb:174 pmb:739 smb:1127 d:s ref:0 ;
in:253 out:253 type:B dur:2 cpbdur:2 q:35.78 aq:33.93 tex:652 mv:1250 misc:898 imb:0 pmb:188 smb:1852 d:t ref:0 ;
in:252 out:254 type:b dur:2 cpbdur:2 q:35.81 aq:34.70 tex:194 mv:363 misc:395 imb:0 pmb:56 smb:1984 d:s ref:0 ;
in:254 out:255 type:b dur:2 cpbdur:2 q:35.74 aq:37.36 tex:104 mv:278 misc:274 imb:0 pmb:34 smb:2006 d:- ref:0 ;
in:259 out:256 type:P dur:2 cpbdur:2 q:35.63 aq:29.79 tex:17249 mv:4868 misc:1731 imb:123 pmb:664 smb:1253 d:s ref:0 ;
in:257 out:257 type:B dur:2 cpbdur:2 q:35.67 aq:33.39 tex:596 mv:859 misc:673 imb:3 pmb:121 smb:1916 d:t ref:0 ;
in:256 out:258 type:b dur:2 cpbdur:2 q:35.69 aq:37.49 tex:87 mv:322 misc:343 imb:0 pmb:45 smb:1995 d:s ref:0 ;
in:258 out:259 type:b dur:2 cpbdur:2 q:35.65 aq:36.77 tex:86 mv:199 misc:275 imb:0 pmb:33 smb:2007 d:- ref:0 ;
in:263 out:260 type:P dur:2 cpbdur:2 q:35.53 aq:29.73 tex:19286 mv:5856 misc:1770 imb:151 pmb:722 smb:1167 d:s ref:0 ;
in:261 out:261 type:B dur:2 cpbdur:2 q:35.58 aq:33.51 tex:663 mv:771 misc:566 imb:2 pmb:84 smb:1954 d:s ref:0 ;
in:260 out:262 type:b dur:2 cpbdur:2 q:35.61 aq:33.15 tex:244 mv:326 misc:358 imb:1 pmb:46 smb:1993 d:s ref:0 ;
in:262 out:263 type:b dur:2 cpbdur:2 q:35.55 aq:32.40 tex:198 mv:226 misc:256 imb:0 pmb:27 smb:2013 d:- ref:0 ;
in:267 out:264 type:P dur:2 cpbdur:2 q:35.43 aq:29.47 tex:18664 mv:5357 misc:1715 imb:117 pmb:716 smb:1207 d:s ref:0 ;
in:265 out:265 type:B dur:2 cpbdur:2 q:35.48 aq:32.87 tex:651 mv:964 misc:705 imb:9 pmb:110 smb:1921 d:t ref:0 ;
in:264 out:266 type:b dur:2 cpbdur:2 q:35.50 aq:32.17 tex:208 mv:330 misc:366 imb:0 pmb:48 smb:1992 d:s ref:0 ;
in:266 out:267 type:b dur:2 cpbdur:2 q:35.46 aq:32.04 tex:100 mv:192 misc:244 imb:0 pmb:24 smb:2016 d:- ref:0 ;
in:271 out:268 type:P dur:2 cpbdur:2 q:35.31 aq:28.88 tex:20581 mv:6184 misc:1851 imb:204 pmb:748 smb:1088 d:s ref:0 ;
in:269 out:269 type:B dur:2 cpbdur:2 q:35.37 aq:30.18 tex:867 mv:813 misc:672 imb:10 pmb:103 smb:1927 d:s ref:0 ;
in:268 out:270 type:b dur:2 cpbdur:2 q:35.40 aq:31.96 tex:372 mv:414 misc:390 imb:4 pmb:49 smb:1987 d:s ref:0 ;
in:270 out:271 type:b dur:2 cpbdur:2 q:35.34 aq:31.00 tex:49 mv:221 misc:274 imb:0 pmb:28 smb:2012 d:- ref:0 ;
in:275 out:272 type:P dur:2 cpbdur:2 q:35.22 aq:29.62 tex:19275 mv:5684 misc:1753 imb:190 pmb:721 smb:1129 d:s ref:0 ;
in:273 out:273 type:B dur:2 cpbdur:2 q:35.27 aq:29.87 tex:525 mv:588 misc:527 imb:5 pmb:73 smb:1962 d:s ref:0 ;
in:272 out:274 type:b dur:2 cpbdur:2 q:35.29 aq:34.53 tex:151 mv:371 misc:350 imb:1 pmb:42 smb:1997 d:s ref:0 ;
in:274 out:275 type:b dur:2 cpbdur:2 q:35.25 aq:31.00 tex:37 mv:234 misc:297 imb:0 pmb:30 smb:2010 d:- ref:0 ;
in:279 out:276 type:P dur:2 cpbdur:2 q:35.11 aq:29.63 tex:14223 mv:4220 misc:1749 imb:143 pmb:603 smb:1294 d:s ref:0 w:6,63,0 ;
in:277 out:277 type:B dur:2 cpbdur:2 q:35.17 aq:31.04 tex:660 mv:688 misc:628 imb:3 pmb:96 smb:1941 d:s ref:0 ;
in:276 out:278 type:b dur:2 cpbdur:2 q:35.20 aq:31.45 tex:118 mv:259 misc:327 imb:0 pmb:39 smb:2001 d:s ref:0 ;
in:278 out:279 type:b dur:2 cpbdur:2 q:35.14 aq:34.63 tex:39 mv:270 misc:275 imb:0 pmb:29 smb:2011 d:- ref:0 ;
in:283 out:280 type:P dur:2 cpbdur:2 q:34.98 aq:28.91 tex:9749 mv:3587 misc:1616 imb:161 pmb:428 smb:1451 d:s ref:0 w:5,29,1,7,117,11,117,11 ;
in:281 out:281 type:B dur:2 cpbdur:2 q:35.05 aq:29.72 tex:999 mv:828 misc:581 imb:11 pmb:78 smb:1951 d:s ref:0 ;
in:280 out:282 type:b dur:2 cpbdur:2 q:35.08 aq:28.95 tex:509 mv:514 misc:441 imb:5 pmb:86 smb:1949 d:s ref:0 ;
in:282 out:283 type:b dur:2 cpbdur:2 q:35.02 aq:28.66 tex:372 mv:329 misc:387 imb:3 pmb:67 smb:1970 d:- ref:0 ;
in:287 out:284 type:P dur:2 cpbdur:2 q:34.85 aq:28.14 tex:9542 mv:4011 misc:1639 imb:155 pmb:535 smb:1350 d:s ref:0 w:7,113,2,7,113,15,112,16 ;
in:285 out:285 type:B dur:2 cpbdur:2 q:34.92 aq:30.00 tex:915 mv:846 misc:559 imb:14 pmb:66 smb:1960 d:s ref:0 ;
in:284 out:286 type:b dur:2 cpbdur:2 q:34.95 aq:28.34 tex:782 mv:471 misc:483 imb:5 pmb:86 smb:1949 d:s ref:0 ;
in:286 out:287 type:b dur:2 cpbdur:2 q:34.88 aq:28.20 tex:628 mv:483 misc:473 imb:12 pmb:148 smb:1880 d:- ref:0 ;
in:291 out:288 type:P dur:2 cpbdur:2 q:34.67 aq:27.27 tex:6805 mv:3677 misc:1558 imb:209 pmb:368 smb:1463 d:s ref:0 w:7,109,2,7,109,19,111,17 ;
in:289 out:289 type:B dur:2 cpbdur:2 q:34.76 aq:26.86 tex:1238 mv:1067 misc:663 imb:39 pmb:142 smb:1859 d:s ref:0 ;
in:288 out:290 type:b dur:2 cpbdur:2 q:34.81 aq:30.10 tex:316 mv:439 misc:421 imb:6 pmb:49 smb:1985 d:s ref:0 ;
in:290 out:291 type:b dur:2 cpbdur:2 q:34.72 aq:27.32 tex:316 mv:446 misc:430 imb:12 pmb:47 smb:1981 d:- ref:0 ;
in:295 out:292 type:P dur:2 cpbdur:2 q:34.43 aq:28.39 tex:4917 mv:3473 misc:1466 imb:105 pmb:356 smb:1579 d:s ref:0 w:7,101,3,5,25,28,25,28 ;
in:293 out:293 type:B dur:2 cpbdur:2 q:34.55 aq:29.26 tex:1304 mv:1122 misc:774 imb:25 pmb:100 smb:1915 d:s ref:0 ;
in:292 out:294 type:b dur:2 cpbdur:2 q:34.61 aq:27.38 tex:1098 mv:924 misc:586 imb:46 pmb:146 smb:1848 d:s ref:0 ;
in:294 out:295 type:b dur:2 cpbdur:2 q:34.49 aq:24.39 tex:531 mv:1060 misc:473 imb:108 pmb:54 smb:1878 d:- ref:0 ;
in:299 out:296 type:P dur:2 cpbdur:2 q:34.14 aq:23.37 tex:2849 mv:3122 misc:1541 imb:253 pmb:233 smb:1554 d:s ref:0 w:7,83,5,7,83,45,83,45 ;
in:297 out:297 type:B dur:2 cpbdur:2 q:34.29 aq:27.96 tex:2752 mv:1903 misc:1001 imb:119 pmb:98 smb:1823 d:s ref:0 ;
in:296 out:298 type:b dur:2 cpbdur:2 q:34.36 aq:25.47 tex:1015 mv:1012 misc:653 imb:82 pmb:103 smb:1855 d:s ref:0 ;
in:298 out:299 type:b dur:2 cpbdur:2 q:34.21 aq:23.68 tex:1024 mv:635 misc:613 imb:36 pmb:148 smb:1856 d:- ref:0 ;
in:303 out:300 type:P dur:2 cpbdur:2 q:33.84 aq:18.00 tex:0 mv:0 misc:248 imb:0 pmb:0 smb:2040 d:s ref:0 w:0,0,16,7,1,127,1,127 ;
in:301 out:301 type:B dur:2 cpbdur:2 q:33.99 aq:24.80 tex:6148 mv:4481 misc:1419 imb:504 pmb:200 smb:1336 d:s ref:0 ;
in:300 out:302 type:b dur:2 cpbdur:2 q:34.07 aq:24.60 tex:2012 mv:1748 misc:976 imb:138 pmb:135 smb:1767 d:s ref:0 ;
in:302 out:303 type:b dur:2 cpbdur:2 q:33.92 aq:24.00 tex:4 mv:7 misc:181 imb:0 pmb:2 smb:2038 d:- ref:0 ;
in:304 out:304 type:P dur:2 cpbdur:2 q:33.45 aq:18.00 tex:0 mv:0 misc:192 imb:0 pmb:0 smb:2040 d:s ref:0 ;
in:305 out:305 type:I dur:2 cpbdur:2 q:31.80 aq:24.12 tex:73013 mv:23284 misc:135 imb:2040 pmb:0 smb:0 d:s ref:;
in:308 out:306 type:P dur:2 cpbdur:2 q:33.97 aq:29.13 tex:49745 mv:9130 misc:1141 imb:709 pmb:959 smb:372 d:s ref:0 w:4,33,-17,0,2,-128,2,-128 ;
in:306 out:307 type:B dur:2 cpbdur:2 q:33.97 aq:26.85 tex:3917 mv:2595 misc:1360 imb:282 pmb:170 smb:1588 d:s ref:0 ;
in:307 out:308 type:b dur:2 cpbdur:2 q:33.97 aq:27.10 tex:4807 mv:3958 misc:1251 imb:180 pmb:288 smb:1572 d:- ref:0 ;
in:309 out:309 type:P dur:2 cpbdur:2 q:34.15 aq:29.51 tex:30639 mv:7657 misc:1912 imb:258 pmb:1016 smb:766 d:s ref:0 w:6,71,-1,6,72,-16,71,-14 ;
in:310 out:310 type:P dur:2 cpbdur:2 q:34.18 aq:29.83 tex:30374 mv:8185 misc:1793 imb:371 pmb:1005 smb:664 d:s ref:0 w:6,71,-3,5,35,-12,36,-16 ;
in:311 out:311 type:P dur:2 cpbdur:2 q:34.23 aq:30.37 tex:33229 mv:8153 misc:1874 imb:266 pmb:1078 smb:696 d:s ref:0 w:6,69,-1,6,69,-10,69,-10 ;
in:312 out:312 type:P dur:2 cpbdur:2 q:34.31 aq:30.00 tex:39118 mv:9102 misc:1708 imb:319 pmb:1164 smb:557 d:s ref:0 w:4,17,-1,6,70,-12,69,-10 ;
in:316 out:313 type:P dur:2 cpbdur:2 q:34.49 aq:31.35 tex:83011 mv:11721 misc:1060 imb:695 pmb:1112 smb:233 d:s ref:0 w:2,5,-5,6,79,-30,79,-30 ;
in:314 out:314 type:B dur:2 cpbdur:2 q:34.40 aq:31.12 tex:12233 mv:8182 misc:1553 imb:116 pmb:770 smb:1154 d:s ref:0 ;
in:313 out:315 type:b dur:2 cpbdur:2 q:34.35 aq:33.21 tex:7201 mv:7068 misc:1363 imb:53 pmb:606 smb:1381 d:s ref:0 ;
in:315 out:316 type:b dur:2 cpbdur:2 q:34.44 aq:28.62 tex:1451 mv:709 misc:1128 imb:13 pmb:278 smb:1749 d:- ref:0 ;
in:317 out:317 type:P dur:2 cpbdur:2 q:34.77 aq:31.50 tex:32085 mv:9398 misc:1605 imb:230 pmb:1216 smb:594 d:s ref:0 w:5,33,0,5,33,-4,33,-4 ;
in:318 out:318 type:P dur:2 cpbdur:2 q:35.08 aq:31.51 tex:30045 mv:9370 misc:1593 imb:203 pmb:1167 smb:670 d:s ref:0 w:5,33,0,6,67,-6,64,0 ;
in:319 out:319 type:P dur:2 cpbdur:2 q:35.14 aq:32.07 tex:38075 mv:9657 misc:1540 imb:188 pmb:1259 smb:593 d:s ref:0 w:5,33,0,6,67,-6,68,-8 ;
in:320 out:320 type:P dur:2 cpbdur:2 q:35.25 aq:32.16 tex:41802 mv:10770 misc:1332 imb:308 pmb:1375 smb:357 d:s ref:0 w:5,33,-1,5,33,-4,33,-4 ;
in:321 out:321 type:P dur:2 cpbdur:2 q:35.53 aq:32.58 tex:31259 mv:9349 misc:1560 imb:176 pmb:1215 smb:649 d:s ref:0 w:5,33,0,6,65,-2,66,-4 ;
in:322 out:322 type:P dur:2 cpbdur:2 q:35.79 aq:32.99 tex:31079 mv:9477 misc:1596 imb:234 pmb:1235 smb:571 d:s ref:0 w:5,33,-1,5,33,-4,32,0 ;
in:323 out:323 type:P dur:2 cpbdur:2 q:36.07 aq:33.26 tex:29335 mv:9891 misc:1646 imb:229 pmb:1218 smb:593 d:s ref:0 w:5,33,0,5,32,0,33,-4 ;
in:324 out:324 type:P dur:2 cpbdur:2 q:36.37 aq:33.21 tex:29649 mv:9743 misc:1584 imb:228 pmb:1226 smb:586 d:s ref:0 w:6,65,0,5,33,-4,33,-4 ;
in:326 out:325 type:P dur:2 cpbdur:2 q:36.89 aq:34.32 tex:23711 mv:9224 misc:1849 imb:249 pmb:1041 smb:750 d:s ref:0 w:6,67,-1,6,67,-6,67,-6 ;
in:325 out:326 type:b dur:2 cpbdur:2 q:36.63 aq:34.52 tex:1370 mv:956 misc:1082 imb:6 pmb:284 smb:1750 d:s ref:0 ;
in:327 out:327 type:P dur:2 cpbdur:2 q:37.12 aq:34.54 tex:22589 mv:9216 misc:1819 imb:252 pmb:1067 smb:721 d:s ref:0 w:6,65,0,6,65,-2,64,0 ;
in:328 out:328 type:P dur:2 cpbdur:2 q:37.14 aq:34.24 tex:27592 mv:9287 misc:1793 imb:222 pmb:1178 smb:640 d:s ref:0 w:6,65,0,5,33,-4,33,-4 ;
in:332 out:329 type:P dur:2 cpbdur:2 q:37.42 aq:35.25 tex:57403 mv:9972 misc:1121 imb:712 pmb:789 smb:539 d:s ref:0 ;
in:330 out:330 type:B dur:2 cpbdur:2 q:37.28 aq:36.59 tex:12880 mv:9473 misc:1335 imb:87 pmb:810 smb:1143 d:t ref:0 ;
in:329 out:331 type:b dur:2 cpbdur:2 q:37.21 aq:38.18 tex:4265 mv:6183 misc:1272 imb:20 pmb:544 smb:1476 d:s ref:0 ;
in:331 out:332 type:b dur:2 cpbdur:2 q:37.35 aq:35.92 tex:3914 mv:5817 misc:1253 imb:23 pmb:507 smb:1510 d:- ref:0 ;
in:334 out:333 type:P dur:2 cpbdur:2 q:38.12 aq:36.05 tex:43811 mv:8978 misc:1347 imb:524 pmb:749 smb:767 d:s ref:0 ;
in:333 out:334 type:b dur:2 cpbdur:2 q:37.77 aq:36.07 tex:2639 mv:5720 misc:1241 imb:18 pmb:464 smb:1558 d:s ref:0 ;
in:336 out:335 type:P dur:2 cpbdur:2 q:38.42 aq:37.15 tex:10088 mv:6780 misc:1676 imb:135 pmb:721 smb:1184 d:s ref:0 ;
in:335 out:336 type:b dur:2 cpbdur:2 q:38.27 aq:36.15 tex:269 mv:649 misc:914 imb:3 pmb:215 smb:1822 d:s ref:0 ;
in:337 out:337 type:P dur:2 cpbdur:2 q:38.53 aq:37.19 tex:14524 mv:7473 misc:1651 imb:213 pmb:758 smb:1069 d:s ref:0 ;
in:338 out:338 type:P dur:2 cpbdur:2 q:38.53 aq:37.34 tex:13582 mv:7416 misc:1730 imb:184 pmb:782 smb:1074 d:s ref:0 ;
in:339 out:339 type:P dur:2 cpbdur:2 q:38.58 aq:37.34 tex:14407 mv:7454 misc:1683 imb:178 pmb:771 smb:1091 d:s ref:0 ;
in:340 out:340 type:P dur:2 cpbdur:2 q:38.66 aq:37.41 tex:11135 mv:7301 misc:1756 imb:178 pmb:721 smb:1141 d:s ref:0 ;
in:341 out:341 type:P dur:2 cpbdur:2 q:38.87 aq:37.76 tex:10827 mv:6623 misc:1678 imb:174 pmb:647 smb:1219 d:s ref:0 ;
in:342 out:342 type:P dur:2 cpbdur:2 q:38.96 aq:37.93 tex:9851 mv:6393 misc:1676 imb:181 pmb:583 smb:1276 d:s ref:0 ;
in:346 out:343 type:P dur:2 cpbdur:2 q:39.03 aq:36.58 tex:261015 mv:11537 misc:368 imb:1546 pmb:262 smb:232 d:s ref:0 ;
in:344 out:344 type:B dur:2 cpbdur:2 q:39.00 aq:40.78 tex:15110 mv:6796 misc:1454 imb:53 pmb:685 smb:1302 d:s ref:0 ;
in:343 out:345 type:b dur:2 cpbdur:2 q:38.98 aq:39.77 tex:5904 mv:5508 misc:1468 imb:108 pmb:418 smb:1514 d:s ref:0 ;
in:345 out:346 type:b dur:2 cpbdur:2 q:39.01 aq:42.03 tex:3323 mv:4442 misc:1187 imb:3 pmb:421 smb:1616 d:- ref:0 ;
in:348 out:347 type:P dur:2 cpbdur:2 q:39.69 aq:37.45 tex:22970 mv:8733 misc:1449 imb:48 pmb:1166 smb:826 d:s ref:0 ;
in:347 out:348 type:b dur:2 cpbdur:2 q:39.36 aq:41.97 tex:2507 mv:3972 misc:1169 imb:1 pmb:364 smb:1675 d:t ref:0 ;
in:350 out:349 type:P dur:2 cpbdur:2 q:39.74 aq:37.51 tex:26983 mv:9139 misc:1518 imb:50 pmb:1208 smb:782 d:s ref:0 ;
in:349 out:350 type:b dur:2 cpbdur:2 q:39.71 aq:42.95 tex:2054 mv:3919 misc:1139 imb:3 pmb:356 smb:1681 d:t ref:0 ;
in:352 out:351 type:P dur:2 cpbdur:2 q:39.85 aq:37.57 tex:28323 mv:9446 misc:1455 imb:65 pmb:1266 smb:709 d:s ref:0 ;
in:351 out:352 type:b dur:2 cpbdur:2 q:39.79 aq:42.61 tex:2347 mv:4071 misc:1166 imb:2 pmb:369 smb:1669 d:t ref:0 ;
in:354 out:353 type:P dur:2 cpbdur:2 q:39.91 aq:37.73 tex:29407 mv:9273 misc:1432 imb:54 pmb:1226 smb:760 d:s ref:0 ;
in:353 out:354 type:b dur:2 cpbdur:2 q:39.88 aq:42.93 tex:2160 mv:4012 misc:1156 imb:5 pmb:360 smb:1675 d:t ref:0 ;
in:356 out:355 type:P dur:2 cpbdur:2 q:41.10 aq:39.22 tex:16995 mv:8322 misc:1587 imb:69 pmb:984 smb:987 d:s ref:0 ;
in:355 out:356 type:b dur:2 cpbdur:2 q:40.51 aq:43.31 tex:1492 mv:3702 misc:1078 imb:4 pmb:319 smb:1717 d:t ref:0 ;
in:358 out:357 type:P dur:2 cpbdur:2 q:41.31 aq:39.46 tex:19136 mv:8751 misc:1649 imb:80 pmb:1064 smb:896 d:s ref:0 ;
in:357 out:358 type:b dur:2 cpbdur:2 q:41.21 aq:43.79 tex:1494 mv:3663 misc:1083 imb:6 pmb:321 smb:1713 d:t ref:0 ;
in:360 out:359 type:P dur:2 cpbdur:2 q:41.46 aq:39.26 tex:19605 mv:8799 misc:1612 imb:89 pmb:1064 smb:887 d:s ref:0 ;
in:359 out:360 type:b dur:2 cpbdur:2 q:41.39 aq:44.05 tex:1679 mv:3533 misc:1044 imb:6 pmb:299 smb:1735 d:t ref:0 ;
in:362 out:361 type:P dur:2 cpbdur:2 q:41.65 aq:39.87 tex:16883 mv:8311 misc:1582 imb:72 pmb:1015 smb:953 d:s ref:0 ;
in:361 out:362 type:b dur:2 cpbdur:2 q:41.56 aq:44.66 tex:1554 mv:3270 misc:1032 imb:10 pmb:287 smb:1743 d:t ref:0 ;
in:364 out:363 type:P dur:2 cpbdur:2 q:41.81 aq:40.02 tex:15969 mv:8404 misc:1667 imb:80 pmb:998 smb:962 d:s ref:0 ;
in:363 out:364 type:b dur:2 cpbdur:2 q:41.73 aq:44.77 tex:1137 mv:3032 misc:991 imb:4 pmb:282 smb:1754 d:t ref:0 ;
in:366 out:365 type:P dur:2 cpbdur:2 q:41.97 aq:40.19 tex:17598 mv:8622 misc:1636 imb:98 pmb:988 smb:954 d:s ref:0 ;
in:365 out:366 type:b dur:2 cpbdur:2 q:41.89 aq:44.37 tex:1354 mv:3235 misc:1059 imb:8 pmb:288 smb:1744 d:t ref:0 ;
in:369 out:367 type:P dur:2 cpbdur:2 q:41.90 aq:39.93 tex:27286 mv:10235 misc:1439 imb:155 pmb:1117 smb:768 d:s ref:0 ;
in:367 out:368 type:B dur:2 cpbdur:2 q:41.95 aq:43.68 tex:1970 mv:4258 misc:1188 imb:9 pmb:350 smb:1681 d:t ref:0 ;
in:368 out:369 type:b dur:2 cpbdur:2 q:41.93 aq:45.06 tex:1587 mv:2939 misc:1002 imb:5 pmb:286 smb:1749 d:- ref:0 ;
in:371 out:370 type:P dur:2 cpbdur:2 q:41.86 aq:40.11 tex:21186 mv:8771 misc:1595 imb:75 pmb:1057 smb:908 d:s ref:0 ;
in:370 out:371 type:b dur:2 cpbdur:2 q:41.88 aq:44.55 tex:1426 mv:3332 misc:1074 imb:5 pmb:312 smb:1723 d:t ref:0 ;
in:373 out:372 type:P dur:2 cpbdur:2 q:41.88 aq:40.11 tex:18679 mv:8645 misc:1620 imb:59 pmb:1068 smb:913 d:s ref:0 ;
in:372 out:373 type:b dur:2 cpbdur:2 q:41.87 aq:44.85 tex:1021 mv:3244 misc:999 imb:4 pmb:274 smb:1762 d:t ref:0 ;
in:376 out:374 type:P dur:2 cpbdur:2 q:41.92 aq:40.26 tex:21575 mv:10071 misc:1514 imb:149 pmb:1054 smb:837 d:s ref:0 ;
in:374 out:375 type:B dur:2 cpbdur:2 q:41.90 aq:43.60 tex:3053 mv:4764 misc:1239 imb:10 pmb:420 smb:1610 d:t ref:0 ;
in:375 out:376 type:b dur:2 cpbdur:2 q:41.91 aq:44.70 tex:1479 mv:3258 misc:1063 imb:4 pmb:301 smb:1735 d:- ref:0 ;
in:379 out:377 type:P dur:2 cpbdur:2 q:42.03 aq:41.01 tex:21739 mv:9636 misc:1521 imb:155 pmb:1005 smb:880 d:t ref:0 ;
in:377 out:378 type:B dur:2 cpbdur:2 q:41.96 aq:44.30 tex:2213 mv:1815 misc:788 imb:5 pmb:203 smb:1832 d:t ref:0 ;
in:378 out:379 type:b dur:2 cpbdur:2 q:41.99 aq:44.42 tex:1824 mv:3275 misc:1013 imb:14 pmb:275 smb:1751 d:- ref:0 ;
in:381 out:380 type:P dur:2 cpbdur:2 q:42.15 aq:41.16 tex:13640 mv:7995 misc:1637 imb:95 pmb:860 smb:1085 d:t ref:0 ;
in:380 out:381 type:b dur:2 cpbdur:2 q:42.09 aq:44.99 tex:807 mv:687 misc:522 imb:4 pmb:80 smb:1956 d:t ref:0 ;
in:384 out:382 type:P dur:2 cpbdur:2 q:42.22 aq:42.31 tex:15847 mv:8365 misc:1564 imb:164 pmb:775 smb:1101 d:t ref:0 ;
in:382 out:383 type:B dur:2 cpbdur:2 q:42.17 aq:43.73 tex:2367 mv:1866 misc:871 imb:9 pmb:203 smb:1828 d:t ref:0 ;
in:383 out:384 type:b dur:2 cpbdur:2 q:42.20 aq:45.27 tex:1439 mv:3072 misc:1017 imb:9 pmb:275 smb:1756 d:- ref:0 ;
in:386 out:385 type:P dur:2 cpbdur:2 q:42.29 aq:44.48 tex:6649 mv:5367 misc:1416 imb:91 pmb:456 smb:1493 d:t ref:0 ;
in:385 out:386 type:b dur:2 cpbdur:2 q:42.26 aq:44.79 tex:924 mv:804 misc:640 imb:3 pmb:102 smb:1935 d:t ref:0 ;
in:387 out:387 type:I dur:2 cpbdur:2 q:38.28 aq:34.77 tex:280674 mv:75006 misc:168 imb:2040 pmb:0 smb:0 d:t ref:;
in:390 out:388 type:P dur:2 cpbdur:2 q:43.03 aq:42.23 tex:3724 mv:2832 misc:1204 imb:4 pmb:390 smb:1646 d:t ref:0 ;
in:388 out:389 type:B dur:2 cpbdur:2 q:43.03 aq:46.43 tex:30 mv:43 misc:191 imb:0 pmb:4 smb:2036 d:t ref:0 ;
in:389 out:390 type:b dur:2 cpbdur:2 q:43.03 aq:45.00 tex:29 mv:97 misc:226 imb:0 pmb:8 smb:2032 d:- ref:0 ;
in:393 out:391 type:P dur:2 cpbdur:2 q:43.08 aq:41.25 tex:7471 mv:4265 misc:1336 imb:16 pmb:556 smb:1468 d:t ref:0 ;
in:391 out:392 type:B dur:2 cpbdur:2 q:43.05 aq:46.14 tex:50 mv:161 misc:245 imb:0 pmb:11 smb:2029 d:t ref:0 ;
in:392 out:393 type:b dur:2 cpbdur:2 q:43.06 aq:45.00 tex:1 mv:142 misc:225 imb:0 pmb:9 smb:2031 d:- ref:0 ;
in:395 out:394 type:P dur:2 cpbdur:2 q:43.13 aq:41.20 tex:6118 mv:3541 misc:1405 imb:10 pmb:506 smb:1524 d:t ref:0 ;
in:394 out:395 type:b dur:2 cpbdur:2 q:43.10 aq:45.00 tex:0 mv:16 misc:184 imb:0 pmb:2 smb:2038 d:t ref:0 ;
in:398 out:396 type:P dur:2 cpbdur:2 q:43.10 aq:41.27 tex:8082 mv:4581 misc:1537 imb:21 pmb:602 smb:1417 d:t ref:0 w:0,1,1 ;
in:396 out:397 type:B dur:2 cpbdur:2 q:43.12 aq:45.00 tex:17 mv:47 misc:232 imb:0 pmb:6 smb:2034 d:t ref:0 ;
in:397 out:398 type:b dur:2 cpbdur:2 q:43.11 aq:45.00 tex:58 mv:126 misc:240 imb:0 pmb:12 smb:2028 d:- ref:0 ;
in:401 out:399 type:P dur:2 cpbdur:2 q:43.94 aq:41.75 tex:5898 mv:4175 misc:1479 imb:29 pmb:536 smb:1475 d:t ref:0 ;
in:399 out:400 type:B dur:2 cpbdur:2 q:43.38 aq:45.00 tex:37 mv:41 misc:226 imb:0 pmb:6 smb:2034 d:t ref:0 ;
in:400 out:401 type:b dur:2 cpbdur:2 q:43.66 aq:46.00 tex:2 mv:119 misc:231 imb:0 pmb:10 smb:2030 d:- ref:0 ;
in:403 out:402 type:P dur:2 cpbdur:2 q:43.81 aq:41.38 tex:6920 mv:3691 misc:1445 imb:13 pmb:552 smb:1475 d:t ref:0 ;
in:402 out:403 type:b dur:2 cpbdur:2 q:43.87 aq:46.01 tex:21 mv:23 misc:180 imb:1 pmb:1 smb:2038 d:t ref:0 ;
in:406 out:404 type:P dur:2 cpbdur:2 q:43.74 aq:40.16 tex:10022 mv:5270 misc:1660 imb:61 pmb:674 smb:1305 d:t ref:0 w:0,1,1 ;
in:404 out:405 type:B dur:2 cpbdur:2 q:43.79 aq:45.00 tex:15 mv:70 misc:227 imb:1 pmb:5 smb:2034 d:t ref:0 ;
in:405 out:406 type:b dur:2 cpbdur:2 q:43.77 aq:46.00 tex:1 mv:121 misc:238 imb:0 pmb:10 smb:2030 d:- ref:0 ;
in:409 out:407 type:P dur:2 cpbdur:2 q:43.65 aq:41.09 tex:11157 mv:5428 misc:1647 imb:30 pmb:730 smb:1280 d:t ref:0 ;
in:407 out:408 type:B dur:2 cpbdur:2 q:43.71 aq:45.00 tex:99 mv:73 misc:244 imb:0 pmb:9 smb:2031 d:t ref:0 ;
in:408 out:409 type:b dur:2 cpbdur:2 q:43.68 aq:46.00 tex:19 mv:156 misc:241 imb:0 pmb:13 smb:2027 d:- ref:0 ;
in:412 out:410 type:P dur:2 cpbdur:2 q:43.55 aq:39.23 tex:13986 mv:6217 misc:1837 imb:139 pmb:818 smb:1083 d:t ref:0 w:0,1,1 ;
in:410 out:411 type:B dur:2 cpbdur:2 q:43.62 aq:45.00 tex:54 mv:50 misc:232 imb:1 pmb:6 smb:2033 d:t ref:0 ;
in:411 out:412 type:b dur:2 cpbdur:2 q:43.58 aq:46.00 tex:2 mv:145 misc:229 imb:0 pmb:10 smb:2030 d:- ref:0 ;
in:415 out:413 type:P dur:2 cpbdur:2 q:43.46 aq:40.31 tex:12763 mv:5390 misc:1767 imb:29 pmb:775 smb:1236 d:t ref:0 ;
in:413 out:414 type:B dur:2 cpbdur:2 q:43.52 aq:45.00 tex:35 mv:105 misc:260 imb:0 pmb:13 smb:2027 d:t ref:0 ;
in:414 out:415 type:b dur:2 cpbdur:2 q:43.49 aq:46.00 tex:2 mv:121 misc:229 imb:0 pmb:9 smb:2031 d:- ref:0 ;
in:418 out:416 type:P dur:2 cpbdur:2 q:43.44 aq:40.46 tex:11057 mv:5020 misc:1779 imb:35 pmb:715 smb:1290 d:t ref:0 ;
in:416 out:417 type:B dur:2 cpbdur:2 q:43.45 aq:45.53 tex:102 mv:109 misc:237 imb:0 pmb:10 smb:2030 d:t ref:0 ;
in:417 out:418 type:b dur:2 cpbdur:2 q:43.45 aq:46.00 tex:30 mv:66 misc:216 imb:0 pmb:6 smb:2034 d:- ref:0 ;
in:422 out:419 type:P dur:2 cpbdur:2 q:43.38 aq:41.19 tex:11189 mv:5827 misc:1792 imb:38 pmb:810 smb:1192 d:t ref:0 ;
in:420 out:420 type:B dur:2 cpbdur:2 q:43.41 aq:45.73 tex:199 mv:211 misc:302 imb:0 pmb:20 smb:2020 d:t ref:0 ;
in:419 out:421 type:b dur:2 cpbdur:2 q:43.43 aq:46.02 tex:56 mv:34 misc:222 imb:0 pmb:8 smb:2032 d:s ref:0 ;
in:421 out:422 type:b dur:2 cpbdur:2 q:43.40 aq:45.00 tex:25 mv:111 misc:224 imb:0 pmb:10 smb:2030 d:- ref:0 ;
in:425 out:423 type:P dur:2 cpbdur:2 q:43.31 aq:41.04 tex:9999 mv:4992 misc:1857 imb:37 pmb:701 smb:1302 d:t ref:0 ;
in:423 out:424 type:B dur:2 cpbdur:2 q:43.36 aq:45.00 tex:60 mv:45 misc:223 imb:0 pmb:6 smb:2034 d:t ref:0 ;
in:424 out:425 type:b dur:2 cpbdur:2 q:43.33 aq:45.00 tex:2 mv:126 misc:232 imb:0 pmb:10 smb:2030 d:- ref:0 ;
in:428 out:426 type:P dur:2 cpbdur:2 q:43.26 aq:41.46 tex:9489 mv:4700 misc:1763 imb:24 pmb:688 smb:1328 d:t ref:0 ;
in:426 out:427 type:B dur:2 cpbdur:2 q:43.29 aq:45.00 tex:44 mv:31 misc:221 imb:0 pmb:5 smb:2035 d:t ref:0 ;
in:427 out:428 type:b dur:2 cpbdur:2 q:43.28 aq:45.55 tex:23 mv:115 misc:230 imb:0 pmb:9 smb:2031 d:- ref:0 ;
in:431 out:429 type:P dur:2 cpbdur:2 q:43.21 aq:41.67 tex:8986 mv:4836 misc:1770 imb:35 pmb:671 smb:1334 d:t ref:0 ;
in:429 out:430 type:B dur:2 cpbdur:2 q:43.24 aq:45.00 tex:86 mv:50 misc:224 imb:1 pmb:5 smb:2034 d:t ref:0 ;
in:430 out:431 type:b dur:2 cpbdur:2 q:43.23 aq:46.53 tex:63 mv:81 misc:216 imb:1 pmb:7 smb:2032 d:- ref:0 ;
in:434 out:432 type:P dur:2 cpbdur:2 q:43.15 aq:41.96 tex:7294 mv:4226 misc:1792 imb:34 pmb:597 smb:1409 d:t ref:0 ;
in:432 out:433 type:B dur:2 cpbdur:2 q:43.19 aq:45.02 tex:57 mv:66 misc:245 imb:0 pmb:10 smb:2030 d:t ref:0 ;
in:433 out:434 type:b dur:2 cpbdur:2 q:43.17 aq:45.73 tex:22 mv:160 misc:250 imb:0 pmb:13 smb:2027 d:- ref:0 ;
in:437 out:435 type:P dur:2 cpbdur:2 q:43.08 aq:42.23 tex:8375 mv:4502 misc:1811 imb:40 pmb:632 smb:1368 d:t ref:0 ;
in:435 out:436 type:B dur:2 cpbdur:2 q:43.13 aq:45.00 tex:67 mv:84 misc:257 imb:0 pmb:12 smb:2028 d:t ref:0 ;
in:436 out:437 type:b dur:2 cpbdur:2 q:43.10 aq:45.00 tex:43 mv:147 misc:242 imb:1 pmb:11 smb:2028 d:- ref:0 ;
in:441 out:438 type:P dur:2 cpbdur:2 q:43.01 aq:43.13 tex:5075 mv:4446 misc:1663 imb:41 pmb:525 smb:1474 d:t ref:0 ;
in:439 out:439 type:B dur:2 cpbdur:2 q:43.05 aq:44.54 tex:489 mv:458 misc:493 imb:2 pmb:54 smb:1984 d:t ref:0 ;
in:438 out:440 type:b dur:2 cpbdur:2 q:43.06 aq:46.00 tex:129 mv:264 misc:335 imb:0 pmb:29 smb:2011 d:s ref:0 ;
in:440 out:441 type:b dur:2 cpbdur:2 q:43.03 aq:46.82 tex:44 mv:152 misc:252 imb:0 pmb:13 smb:2027 d:- ref:0 ;
in:443 out:442 type:P dur:2 cpbdur:2 q:42.90 aq:44.52 tex:2129 mv:2374 misc:1257 imb:21 pmb:299 smb:1720 d:t ref:0 ;
in:442 out:443 type:b dur:2 cpbdur:2 q:42.96 aq:45.06 tex:51 mv:45 misc:208 imb:0 pmb:6 smb:2034 d:t ref:0 ;
in:444 out:444 type:P dur:2 cpbdur:2 q:42.84 aq:45.80 tex:711 mv:918 misc:739 imb:11 pmb:141 smb:1888 d:t ref:0 ;
in:445 out:445 type:I dur:2 cpbdur:2 q:40.19 aq:36.01 tex:288383 mv:73207 misc:146 imb:2040 pmb:0 smb:0 d:t ref:;
in:449 out:446 type:P dur:2 cpbdur:2 q:43.44 aq:40.13 tex:9427 mv:7023 misc:1534 imb:28 pmb:931 smb:1081 d:t ref:0 ;
in:447 out:447 type:B dur:2 cpbdur:2 q:43.44 aq:45.44 tex:1200 mv:383 misc:449 imb:0 pmb:78 smb:1962 d:t ref:0 ;
in:446 out:448 type:b dur:2 cpbdur:2 q:43.44 aq:47.48 tex:56 mv:124 misc:244 imb:0 pmb:17 smb:2023 d:s ref:0 ;
in:448 out:449 type:b dur:2 cpbdur:2 q:43.44 aq:47.15 tex:270 mv:1177 misc:553 imb:0 pmb:104 smb:1936 d:- ref:0 ;
in:453 out:450 type:P dur:2 cpbdur:2 q:43.36 aq:40.94 tex:12807 mv:8552 misc:1513 imb:64 pmb:1044 smb:932 d:t ref:0 ;
in:451 out:451 type:B dur:2 cpbdur:2 q:43.40 aq:45.72 tex:1857 mv:738 misc:533 imb:4 pmb:124 smb:1912 d:t ref:0 ;
in:450 out:452 type:b dur:2 cpbdur:2 q:43.42 aq:47.46 tex:223 mv:341 misc:348 imb:0 pmb:40 smb:2000 d:s ref:0 ;
in:452 out:453 type:b dur:2 cpbdur:2 q:43.38 aq:47.09 tex:264 mv:1420 misc:652 imb:0 pmb:123 smb:1917 d:- ref:0 ;
in:457 out:454 type:P dur:2 cpbdur:2 q:43.24 aq:40.91 tex:18117 mv:10147 misc:1240 imb:129 pmb:1256 smb:655 d:t ref:0 ;
in:455 out:455 type:B dur:2 cpbdur:2 q:43.30 aq:45.12 tex:2213 mv:1502 misc:621 imb:7 pmb:179 smb:1854 d:t ref:0 ;
in:454 out:456 type:b dur:2 cpbdur:2 q:43.33 aq:47.69 tex:431 mv:862 misc:483 imb:0 pmb:94 smb:1946 d:s ref:0 ;
in:456 out:457 type:b dur:2 cpbdur:2 q:43.27 aq:47.38 tex:540 mv:1890 misc:802 imb:3 pmb:177 smb:1860 d:- ref:0 ;
in:460 out:458 type:P dur:2 cpbdur:2 q:44.08 aq:42.13 tex:12390 mv:8582 misc:1604 imb:98 pmb:1027 smb:915 d:t ref:0 ;
in:458 out:459 type:B dur:2 cpbdur:2 q:43.52 aq:46.53 tex:1047 mv:925 misc:580 imb:3 pmb:114 smb:1923 d:t ref:0 ;
in:459 out:460 type:b dur:2 cpbdur:2 q:43.80 aq:47.52 tex:467 mv:1976 misc:813 imb:0 pmb:182 smb:1858 d:- ref:0 ;
in:463 out:461 type:P dur:2 cpbdur:2 q:43.99 aq:42.27 tex:16636 mv:9491 misc:1609 imb:113 pmb:1104 smb:823 d:t ref:0 ;
in:461 out:462 type:B dur:2 cpbdur:2 q:44.05 aq:45.84 tex:1617 mv:1138 misc:629 imb:7 pmb:144 smb:1889 d:s ref:0 ;
in:462 out:463 type:b dur:2 cpbdur:2 q:44.02 aq:47.88 tex:1106 mv:2495 misc:959 imb:3 pmb:256 smb:1781 d:- ref:0 ;
in:467 out:464 type:P dur:2 cpbdur:2 q:43.98 aq:41.21 tex:22949 mv:11767 misc:1196 imb:213 pmb:1227 smb:600 d:t ref:0 ;
in:465 out:465 type:B dur:2 cpbdur:2 q:43.98 aq:45.91 tex:4590 mv:2551 misc:795 imb:17 pmb:287 smb:1736 d:s ref:0 ;
in:464 out:466 type:b dur:2 cpbdur:2 q:43.98 aq:47.95 tex:831 mv:1311 misc:602 imb:0 pmb:143 smb:1897 d:s ref:0 ;
in:466 out:467 type:b dur:2 cpbdur:2 q:43.98 aq:47.25 tex:1097 mv:2814 misc:1009 imb:4 pmb:277 smb:1759 d:- ref:0 ;
in:471 out:468 type:P dur:2 cpbdur:2 q:43.99 aq:41.54 tex:25377 mv:12100 misc:1019 imb:227 pmb:1255 smb:558 d:t ref:0 ;
in:469 out:469 type:B dur:2 cpbdur:2 q:43.98 aq:45.64 tex:4164 mv:3099 misc:937 imb:15 pmb:341 smb:1684 d:s ref:0 ;
in:468 out:470 type:b dur:2 cpbdur:2 q:43.98 aq:47.28 tex:1199 mv:1700 misc:725 imb:5 pmb:185 smb:1850 d:s ref:0 ;
in:470 out:471 type:b dur:2 cpbdur:2 q:43.98 aq:46.85 tex:1775 mv:3156 misc:1013 imb:13 pmb:301 smb:1726 d:- ref:0 ;
in:473 out:472 type:P dur:2 cpbdur:2 q:43.98 aq:41.70 tex:15743 mv:8592 misc:1697 imb:109 pmb:1049 smb:882 d:s ref:0 ;
in:472 out:473 type:b dur:2 cpbdur:2 q:43.98 aq:46.93 tex:935 mv:724 misc:557 imb:3 pmb:107 smb:1930 d:t ref:0 ;
in:477 out:474 type:P dur:2 cpbdur:2 q:44.04 aq:41.72 tex:22470 mv:11674 misc:1208 imb:241 pmb:1213 smb:586 d:t ref:0 ;
in:475 out:475 type:B dur:2 cpbdur:2 q:44.01 aq:46.21 tex:3781 mv:2890 misc:833 imb:31 pmb:298 smb:1711 d:s ref:0 ;
in:474 out:476 type:b dur:2 cpbdur:2 q:43.99 aq:47.35 tex:1178 mv:1524 misc:762 imb:2 pmb:196 smb:1842 d:s ref:0 ;
in:476 out:477 type:b dur:2 cpbdur:2 q:44.02 aq:47.38 tex:1462 mv:2900 misc:1038 imb:3 pmb:291 smb:1746 d:- ref:0 ;
in:479 out:478 type:P dur:2 cpbdur:2 q:44.11 aq:42.40 tex:14045 mv:8736 misc:1659 imb:110 pmb:1035 smb:895 d:s ref:0 ;
in:478 out:479 type:b dur:2 cpbdur:2 q:44.07 aq:47.09 tex:1203 mv:3048 misc:1061 imb:7 pmb:289 smb:1744 d:t ref:0 ;
in:482 out:480 type:P dur:2 cpbdur:2 q:44.19 aq:42.29 tex:19900 mv:10817 misc:1435 imb:198 pmb:1134 smb:708 d:s ref:0 ;
in:480 out:481 type:B dur:2 cpbdur:2 q:44.14 aq:46.32 tex:2848 mv:4642 misc:1254 imb:16 pmb:439 smb:1585 d:t ref:0 ;
in:481 out:482 type:b dur:2 cpbdur:2 q:44.17 aq:47.29 tex:1361 mv:3151 misc:1120 imb:6 pmb:333 smb:1701 d:- ref:0 ;
in:484 out:483 type:P dur:2 cpbdur:2 q:44.19 aq:42.20 tex:15828 mv:9165 misc:1727 imb:135 pmb:1034 smb:871 d:s ref:0 ;
in:483 out:484 type:b dur:2 cpbdur:2 q:44.19 aq:47.65 tex:1455 mv:3228 misc:1117 imb:5 pmb:333 smb:1702 d:t ref:0 ;
in:486 out:485 type:P dur:2 cpbdur:2 q:44.24 aq:41.28 tex:16702 mv:9277 misc:1701 imb:160 pmb:1041 smb:839 d:s ref:0 ;
in:485 out:486 type:b dur:2 cpbdur:2 q:44.21 aq:47.73 tex:1461 mv:3004 misc:999 imb:3 pmb:310 smb:1727 d:t ref:0 ;
in:488 out:487 type:P dur:2 cpbdur:2 q:44.34 aq:42.51 tex:16323 mv:8554 misc:1819 imb:162 pmb:956 smb:922 d:s ref:0 ;
in:487 out:488 type:b dur:2 cpbdur:2 q:44.29 aq:47.17 tex:1518 mv:3345 misc:1065 imb:4 pmb:337 smb:1699 d:t ref:0 ;
in:492 out:489 type:P dur:2 cpbdur:2 q:44.32 aq:42.30 tex:22198 mv:11935 misc:1203 imb:337 pmb:1113 smb:590 d:s ref:0 ;
in:490 out:490 type:B dur:2 cpbdur:2 q:44.33 aq:45.90 tex:4762 mv:6049 misc:1405 imb:32 pmb:580 smb:1428 d:t ref:0 ;
in:489 out:491 type:b dur:2 cpbdur:2 q:44.33 aq:46.72 tex:1492 mv:4102 misc:1214 imb:10 pmb:449 smb:1581 d:s ref:0 ;
in:491 out:492 type:b dur:2 cpbdur:2 q:44.33 aq:47.05 tex:1433 mv:2729 misc:1006 imb:8 pmb:287 smb:1745 d:- ref:0 ;
in:495 out:493 type:P dur:2 cpbdur:2 q:44.47 aq:42.59 tex:20837 mv:10602 misc:1473 imb:231 pmb:1095 smb:714 d:t ref:0 ;
in:493 out:494 type:B dur:2 cpbdur:2 q:44.37 aq:46.36 tex:2176 mv:1863 misc:873 imb:10 pmb:251 smb:1779 d:s ref:0 ;
in:494 out:495 type:b dur:2 cpbdur:2 q:44.42 aq:47.46 tex:1320 mv:2692 misc:1012 imb:10 pmb:280 smb:1750 d:- ref:0 ;
in:499 out:496 type:P dur:2 cpbdur:2 q:44.54 aq:42.86 tex:22798 mv:12243 misc:1287 imb:267 pmb:1137 smb:636 d:t ref:0 ;
in:497 out:497 type:B dur:2 cpbdur:2 q:44.51 aq:46.21 tex:3263 mv:3562 misc:1039 imb:29 pmb:369 smb:1642 d:s ref:0 ;
in:496 out:498 type:b dur:2 cpbdur:2 q:44.49 aq:47.51 tex:1265 mv:1815 misc:832 imb:2 pmb:227 smb:1811 d:s ref:0 ;
in:498 out:499 type:b dur:2 cpbdur:2 q:44.53 aq:47.78 tex:1362 mv:2825 misc:1021 imb:10 pmb:285 smb:1745 d:- ref:0 ;
in:501 out:500 type:P dur:2 cpbdur:2 q:44.67 aq:42.68 tex:16422 mv:8694 misc:1700 imb:175 pmb:979 smb:886 d:t ref:0 ;
in:500 out:501 type:b dur:2 cpbdur:2 q:44.61 aq:47.78 tex:985 mv:1035 misc:628 imb:5 pmb:135 smb:1900 d:s ref:0 ;
in:503 out:502 type:P dur:2 cpbdur:2 q:44.77 aq:43.03 tex:13132 mv:7976 misc:1764 imb:175 pmb:854 smb:1011 d:t ref:0 ;
in:502 out:503 type:b dur:2 cpbdur:2 q:44.72 aq:48.05 tex:710 mv:988 misc:630 imb:4 pmb:131 smb:1905 d:t ref:0 ;
in:505 out:504 type:P dur:2 cpbdur:2 q:44.76 aq:42.39 tex:13594 mv:8239 misc:1799 imb:189 pmb:907 smb:944 d:t ref:0 ;
in:504 out:505 type:b dur:2 cpbdur:2 q:44.76 aq:47.75 tex:712 mv:822 misc:602 imb:3 pmb:114 smb:1923 d:t ref:0 ;
in:507 out:506 type:P dur:2 cpbdur:2 q:44.81 aq:43.14 tex:12348 mv:7780 misc:1784 imb:164 pmb:838 smb:1038 d:t ref:0 ;
in:506 out:507 type:b dur:2 cpbdur:2 q:44.78 aq:47.95 tex:672 mv:995 misc:589 imb:8 pmb:107 smb:1925 d:s ref:0 ;
in:508 out:508 type:P dur:2 cpbdur:2 q:44.87 aq:43.52 tex:7562 mv:5617 misc:1845 imb:114 pmb:676 smb:1250 d:t ref:0 ;
in:510 out:509 type:P dur:2 cpbdur:2 q:44.87 aq:44.07 tex:9939 mv:7073 misc:1756 imb:162 pmb:763 smb:1115 d:t ref:0 ;
in:509 out:510 type:b dur:2 cpbdur:2 q:44.87 aq:47.86 tex:524 mv:544 misc:548 imb:1 pmb:95 smb:1944 d:t ref:0 ;
in:513 out:511 type:P dur:2 cpbdur:2 q:44.84 aq:44.62 tex:9918 mv:8258 misc:1688 imb:277 pmb:683 smb:1080 d:t ref:0 ;
in:511 out:512 type:B dur:2 cpbdur:2 q:44.86 aq:46.45 tex:1502 mv:1861 misc:949 imb:11 pmb:231 smb:1798 d:s ref:0 ;
in:512 out:513 type:b dur:2 cpbdur:2 q:44.85 aq:47.85 tex:1290 mv:2679 misc:1007 imb:17 pmb:258 smb:1765 d:- ref:0 ;
in:515 out:514 type:P dur:2 cpbdur:2 q:44.91 aq:47.10 tex:5725 mv:5098 misc:1529 imb:205 pmb:461 smb:1374 d:t ref:0 ;
in:514 out:515 type:b dur:2 cpbdur:2 q:44.87 aq:47.78 tex:1102 mv:993 misc:753 imb:8 pmb:149 smb:1883 d:s ref:0 ;
in:516 out:516 type:I dur:2 cpbdur:2 q:41.61 aq:35.77 tex:121277 mv:80867 misc:192 imb:2040 pmb:0 smb:0 d:t ref:;
in:520 out:517 type:P dur:2 cpbdur:2 q:45.50 aq:39.73 tex:269 mv:717 misc:598 imb:0 pmb:154 smb:1886 d:t ref:0 ;
in:518 out:518 type:B dur:2 cpbdur:2 q:45.50 aq:44.00 tex:0 mv:0 misc:168 imb:0 pmb:0 smb:2040 d:t ref:0 ;
in:517 out:519 type:b dur:2 cpbdur:2 q:45.50 aq:45.00 tex:0 mv:0 misc:168 imb:0 pmb:0 smb:2040 d:t ref:0 ;
in:519 out:520 type:b dur:2 cpbdur:2 q:45.50 aq:45.00 tex:0 mv:0 misc:168 imb:0 pmb:0 smb:2040 d:- ref:0 ;
in:524 out:521 type:P dur:2 cpbdur:2 q:45.52 aq:39.45 tex:1363 mv:1510 misc:943 imb:7 pmb:242 smb:1791 d:t ref:0 ;
in:522 out:522 type:B dur:2 cpbdur:2 q:45.51 aq:44.60 tex:55 mv:12 misc:205 imb:0 pmb:3 smb:2037 d:t ref:0 ;
in:521 out:523 type:b dur:2 cpbdur:2 q:45.50 aq:46.00 tex:0 mv:2 misc:174 imb:0 pmb:1 smb:2039 d:t ref:0 ;
in:523 out:524 type:b dur:2 cpbdur:2 q:45.51 aq:46.00 tex:0 mv:0 misc:168 imb:0 pmb:0 smb:2040 d:- ref:0 ;
in:528 out:525 type:P dur:2 cpbdur:2 q:45.46 aq:38.53 tex:1737 mv:1202 misc:789 imb:6 pmb:217 smb:1817 d:t ref:0 ;
in:526 out:526 type:B dur:2 cpbdur:2 q:45.49 aq:45.24 tex:66 mv:14 misc:208 imb:0 pmb:4 smb:2036 d:s ref:0 ;
in:525 out:527 type:b dur:2 cpbdur:2 q:45.50 aq:46.00 tex:0 mv:0 misc:168 imb:0 pmb:0 smb:2040 d:s ref:0 ;
in:527 out:528 type:b dur:2 cpbdur:2 q:45.48 aq:46.00 tex:0 mv:0 misc:168 imb:0 pmb:0 smb:2040 d:- ref:0 ;
in:532 out:529 type:P dur:2 cpbdur:2 q:45.50 aq:39.60 tex:1632 mv:1759 misc:1001 imb:7 pmb:267 smb:1766 d:s ref:0 ;
in:530 out:530 type:B dur:2 cpbdur:2 q:45.48 aq:44.00 tex:2 mv:66 misc:220 imb:0 pmb:7 smb:2033 d:t ref:0 ;
in:529 out:531 type:b dur:2 cpbdur:2 q:45.47 aq:46.00 tex:0 mv:0 misc:168 imb:0 pmb:0 smb:2040 d:s ref:0 ;
in:531 out:532 type:b dur:2 cpbdur:2 q:45.49 aq:47.00 tex:0 mv:0 misc:168 imb:0 pmb:0 smb:2040 d:- ref:0 ;
in:536 out:533 type:P dur:2 cpbdur:2 q:45.34 aq:39.45 tex:1765 mv:1824 misc:1115 imb:8 pmb:293 smb:1739 d:s ref:0 ;
in:534 out:534 type:B dur:2 cpbdur:2 q:45.42 aq:46.00 tex:0 mv:0 misc:184 imb:0 pmb:0 smb:2040 d:s ref:0 ;
in:533 out:535 type:b dur:2 cpbdur:2 q:45.46 aq:47.00 tex:0 mv:0 misc:168 imb:0 pmb:0 smb:2040 d:s ref:0 ;
in:535 out:536 type:b dur:2 cpbdur:2 q:45.38 aq:47.00 tex:0 mv:0 misc:168 imb:0 pmb:0 smb:2040 d:- ref:0 ;
in:540 out:537 type:P dur:2 cpbdur:2 q:45.17 aq:38.41 tex:2477 mv:2435 misc:1264 imb:30 pmb:332 smb:1678 d:s ref:0 ;
in:538 out:538 type:B dur:2 cpbdur:2 q:45.25 aq:45.00 tex:47 mv:201 misc:336 imb:0 pmb:25 smb:2015 d:t ref:0 ;
in:537 out:539 type:b dur:2 cpbdur:2 q:45.30 aq:47.00 tex:0 mv:0 misc:168 imb:0 pmb:0 smb:2040 d:s ref:0 ;
in:539 out:540 type:b dur:2 cpbdur:2 q:45.21 aq:47.00 tex:0 mv:0 misc:168 imb:0 pmb:0 smb:2040 d:- ref:0 ;
in:544 out:541 type:P dur:2 cpbdur:2 q:45.02 aq:38.57 tex:2742 mv:2427 misc:1359 imb:21 pmb:367 smb:1652 d:t ref:0 ;
in:542 out:542 type:B dur:2 cpbdur:2 q:45.10 aq:46.20 tex:50 mv:74 misc:212 imb:0 pmb:5 smb:2035 d:t ref:0 ;
in:541 out:543 type:b dur:2 cpbdur:2 q:45.13 aq:47.00 tex:0 mv:27 misc:173 imb:0 pmb:1 smb:2039 d:s ref:0 ;
in:543 out:544 type:b dur:2 cpbdur:2 q:45.06 aq:47.00 tex:0 mv:0 misc:168 imb:0 pmb:0 smb:2040 d:- ref:0 ;
in:548 out:545 type:P dur:2 cpbdur:2 q:44.87 aq:38.60 tex:3052 mv:2441 misc:1395 imb:18 pmb:392 smb:1630 d:s ref:0 ;
in:546 out:546 type:B dur:2 cpbdur:2 q:44.94 aq:45.00 tex:50 mv:647 misc:631 imb:0 pmb:87 smb:1953 d:t ref:0 ;
in:545 out:547 type:b dur:2 cpbdur:2 q:44.98 aq:47.00 tex:0 mv:0 misc:168 imb:0 pmb:0 smb:2040 d:s ref:0 ;
in:547 out:548 type:b dur:2 cpbdur:2 q:44.91 aq:47.00 tex:11 mv:5 misc:176 imb:0 pmb:1 smb:2039 d:- ref:0 ;
in:552 out:549 type:P dur:2 cpbdur:2 q:44.72 aq:39.39 tex:2604 mv:2052 misc:1320 imb:12 pmb:366 smb:1662 d:t ref:0 ;
in:550 out:550 type:B dur:2 cpbdur:2 q:44.79 aq:46.00 tex:31 mv:19 misc:206 imb:0 pmb:4 smb:2036 d:- ref:0 ;
in:549 out:551 type:b dur:2 cpbdur:2 q:44.83 aq:47.00 tex:0 mv:0 misc:168 imb:0 pmb:0 smb:2040 d:- ref:0 ;
in:551 out:552 type:b dur:2 cpbdur:2 q:44.76 aq:46.00 tex:0 mv:0 misc:168 imb:0 pmb:0 smb:2040 d:- ref:0 ;
in:556 out:553 type:P dur:2 cpbdur:2 q:44.58 aq:38.37 tex:3311 mv:2936 misc:1481 imb:20 pmb:435 smb:1585 d:t ref:0 ;
in:554 out:554 type:B dur:2 cpbdur:2 q:44.65 aq:45.20 tex:103 mv:113 misc:232 imb:0 pmb:11 smb:2029 d:t ref:0 ;
in:553 out:555 type:b dur:2 cpbdur:2 q:44.69 aq:46.00 tex:11 mv:7 misc:182 imb:0 pmb:2 smb:2038 d:s ref:0 ;
in:555 out:556 type:b dur:2 cpbdur:2 q:44.61 aq:46.00 tex:0 mv:0 misc:168 imb:0 pmb:0 smb:2040 d:- ref:0 ;
in:560 out:557 type:P dur:2 cpbdur:2 q:44.43 aq:39.34 tex:3647 mv:3239 misc:1586 imb:32 pmb:466 smb:1542 d:t ref:0 ;
in:558 out:558 type:B dur:2 cpbdur:2 q:44.50 aq:44.49 tex:143 mv:138 misc:239 imb:0 pmb:12 smb:2028 d:t ref:0 ;
in:557 out:559 type:b dur:2 cpbdur:2 q:44.54 aq:46.00 tex:0 mv:0 misc:168 imb:0 pmb:0 smb:2040 d:t ref:0 ;
in:559 out:560 type:b dur:2 cpbdur:2 q:44.47 aq:46.00 tex:0 mv:0 misc:168 imb:0 pmb:0 smb:2040 d:- ref:0 ;
in:564 out:561 type:P dur:2 cpbdur:2 q:44.29 aq:38.69 tex:5618 mv:4002 misc:1724 imb:67 pmb:544 smb:1429 d:t ref:0 w:7,127,0 ;
in:562 out:562 type:B dur:2 cpbdur:2 q:44.36 aq:43.51 tex:201 mv:227 misc:268 imb:0 pmb:20 smb:2020 d:t ref:0 ;
in:561 out:563 type:b dur:2 cpbdur:2 q:44.40 aq:46.00 tex:2 mv:23 misc:215 imb:0 pmb:7 smb:2033 d:s ref:0 ;
in:563 out:564 type:b dur:2 cpbdur:2 q:44.33 aq:45.00 tex:0 mv:0 misc:168 imb:0 pmb:0 smb:2040 d:- ref:0 ;
in:568 out:565 type:P dur:2 cpbdur:2 q:44.17 aq:39.25 tex:3074 mv:2593 misc:1485 imb:26 pmb:399 smb:1615 d:t ref:0 ;
in:566 out:566 type:B dur:2 cpbdur:2 q:44.23 aq:45.21 tex:96 mv:208 misc:320 imb:0 pmb:24 smb:2016 d:t ref:0 ;
in:565 out:567 type:b dur:2 cpbdur:2 q:44.26 aq:45.29 tex:20 mv:72 misc:260 imb:0 pmb:13 smb:2027 d:s ref:0 ;
in:567 out:568 type:b dur:2 cpbdur:2 q:44.20 aq:44.00 tex:0 mv:0 misc:168 imb:0 pmb:0 smb:2040 d:- ref:0 ;
in:572 out:569 type:P dur:2 cpbdur:2 q:44.03 aq:39.94 tex:3594 mv:2936 misc:1430 imb:46 pmb:389 smb:1605 d:t ref:0 ;
in:570 out:570 type:B dur:2 cpbdur:2 q:44.10 aq:42.64 tex:362 mv:184 misc:278 imb:0 pmb:21 smb:2019 d:t ref:0 ;
in:569 out:571 type:b dur:2 cpbdur:2 q:44.14 aq:43.64 tex:45 mv:56 misc:227 imb:0 pmb:9 smb:2031 d:s ref:0 ;
in:571 out:572 type:b dur:2 cpbdur:2 q:44.07 aq:44.04 tex:23 mv:19 misc:182 imb:0 pmb:2 smb:2038 d:- ref:0 ;
in:576 out:573 type:P dur:2 cpbdur:2 q:43.91 aq:41.00 tex:2814 mv:2679 misc:1275 imb:55 pmb:308 smb:1677 d:t ref:0 ;
in:574 out:574 type:B dur:2 cpbdur:2 q:43.97 aq:43.37 tex:379 mv:204 misc:289 imb:0 pmb:24 smb:2016 d:t ref:0 ;
in:573 out:575 type:b dur:2 cpbdur:2 q:44.00 aq:44.59 tex:44 mv:63 misc:229 imb:0 pmb:10 smb:2030 d:s ref:0 ;
in:575 out:576 type:b dur:2 cpbdur:2 q:43.94 aq:44.01 tex:21 mv:43 misc:200 imb:0 pmb:5 smb:2035 d:- ref:0 ;
in:579 out:577 type:P dur:2 cpbdur:2 q:43.75 aq:42.76 tex:1806 mv:2026 misc:1048 imb:47 pmb:241 smb:1752 d:t ref:0 ;
in:577 out:578 type:B dur:2 cpbdur:2 q:43.86 aq:45.17 tex:256 mv:210 misc:310 imb:0 pmb:26 smb:2014 d:t ref:0 ;
in:578 out:579 type:b dur:2 cpbdur:2 q:43.80 aq:46.00 tex:3 mv:126 misc:271 imb:0 pmb:16 smb:2024 d:- ref:0 ;
in:580 out:580 type:I dur:2 cpbdur:2 q:41.45 aq:35.59 tex:164323 mv:81055 misc:150 imb:2040 pmb:0 smb:0 d:t ref:;
in:584 out:581 type:P dur:2 cpbdur:2 q:44.19 aq:38.84 tex:2743 mv:1179 misc:830 imb:6 pmb:250 smb:1784 d:t ref:0 ;
in:582 out:582 type:B dur:2 cpbdur:2 q:44.19 aq:41.00 tex:0 mv:133 misc:203 imb:0 pmb:7 smb:2033 d:t ref:0 ;
in:581 out:583 type:b dur:2 cpbdur:2 q:44.19 aq:41.00 tex:1 mv:16 misc:183 imb:0 pmb:2 smb:2038 d:s ref:0 ;
in:583 out:584 type:b dur:2 cpbdur:2 q:44.19 aq:41.00 tex:0 mv:0 misc:168 imb:0 pmb:0 smb:2040 d:- ref:0 ;
in:588 out:585 type:P dur:2 cpbdur:2 q:44.06 aq:39.02 tex:3902 mv:1612 misc:910 imb:12 pmb:283 smb:1745 d:t ref:0 ;
in:586 out:586 type:B dur:2 cpbdur:2 q:44.12 aq:40.00 tex:0 mv:165 misc:235 imb:0 pmb:10 smb:2030 d:t ref:0 ;
in:585 out:587 type:b dur:2 cpbdur:2 q:44.15 aq:41.00 tex:0 mv:26 misc:198 imb:0 pmb:4 smb:2036 d:s ref:0 ;
in:587 out:588 type:b dur:2 cpbdur:2 q:44.09 aq:40.00 tex:0 mv:0 misc:168 imb:0 pmb:0 smb:2040 d:- ref:0 ;
in:592 out:589 type:P dur:2 cpbdur:2 q:43.94 aq:38.70 tex:3894 mv:1738 misc:952 imb:12 pmb:293 smb:1735 d:t ref:0 ;
in:590 out:590 type:B dur:2 cpbdur:2 q:44.00 aq:39.80 tex:53 mv:178 misc:249 imb:0 pmb:15 smb:2025 d:t ref:0 ;
in:589 out:591 type:b dur:2 cpbdur:2 q:44.03 aq:41.80 tex:30 mv:50 misc:208 imb:0 pmb:7 smb:2033 d:s ref:0 ;
in:591 out:592 type:b dur:2 cpbdur:2 q:43.97 aq:40.00 tex:0 mv:0 misc:168 imb:0 pmb:0 smb:2040 d:- ref:0 ;
in:596 out:593 type:P dur:2 cpbdur:2 q:44.18 aq:38.52 tex:4079 mv:1838 misc:1091 imb:9 pmb:318 smb:1713 d:t ref:0 ;
in:594 out:594 type:B dur:2 cpbdur:2 q:44.06 aq:42.67 tex:72 mv:175 misc:281 imb:0 pmb:18 smb:2022 d:t ref:0 ;
in:593 out:595 type:b dur:2 cpbdur:2 q:44.00 aq:40.00 tex:0 mv:22 misc:186 imb:0 pmb:3 smb:2037 d:s ref:0 ;
in:595 out:596 type:b dur:2 cpbdur:2 q:44.12 aq:41.00 tex:0 mv:0 misc:168 imb:0 pmb:0 smb:2040 d:- ref:0 ;
in:600 out:597 type:P dur:2 cpbdur:2 q:44.04 aq:38.98 tex:4290 mv:2254 misc:1136 imb:16 pmb:337 smb:1687 d:t ref:0 ;
in:598 out:598 type:B dur:2 cpbdur:2 q:44.11 aq:41.44 tex:88 mv:247 misc:313 imb:0 pmb:24 smb:2016 d:t ref:0 ;
in:597 out:599 type:b dur:2 cpbdur:2 q:44.14 aq:43.00 tex:1 mv:87 misc:248 imb:0 pmb:12 smb:2028 d:s ref:0 ;
in:599 out:600 type:b dur:2 cpbdur:2 q:44.07 aq:43.00 tex:1 mv:21 misc:186 imb:0 pmb:3 smb:2037 d:- ref:0 ;
in:604 out:601 type:P dur:2 cpbdur:2 q:43.90 aq:38.48 tex:6094 mv:2862 misc:1452 imb:18 pmb:454 smb:1568 d:t ref:0 ;
in:602 out:602 type:B dur:2 cpbdur:2 q:43.97 aq:44.50 tex:131 mv:269 misc:360 imb:0 pmb:33 smb:2007 d:t ref:0 ;
in:601 out:603 type:b dur:2 cpbdur:2 q:44.00 aq:43.76 tex:26 mv:125 misc:273 imb:0 pmb:18 smb:2022 d:s ref:0 ;
in:603 out:604 type:b dur:2 cpbdur:2 q:43.93 aq:44.00 tex:1 mv:26 misc:189 imb:0 pmb:3 smb:2037 d:- ref:0 ;
in:608 out:605 type:P dur:2 cpbdur:2 q:43.77 aq:38.09 tex:5810 mv:3100 misc:1498 imb:20 pmb:453 smb:1567 d:t ref:0 ;
in:606 out:606 type:B dur:2 cpbdur:2 q:43.83 aq:42.27 tex:112 mv:198 misc:330 imb:0 pmb:26 smb:2014 d:t ref:0 ;
in:605 out:607 type:b dur:2 cpbdur:2 q:43.87 aq:44.34 tex:20 mv:64 misc:252 imb:0 pmb:13 smb:2027 d:s ref:0 ;
in:607 out:608 type:b dur:2 cpbdur:2 q:43.80 aq:44.51 tex:29 mv:107 misc:248 imb:0 pmb:12 smb:2028 d:- ref:0 ;
in:612 out:609 type:P dur:2 cpbdur:2 q:43.65 aq:38.32 tex:6667 mv:3296 misc:1581 imb:19 pmb:519 smb:1502 d:t ref:0 ;
in:610 out:610 type:B dur:2 cpbdur:2 q:43.71 aq:43.74 tex:162 mv:400 misc:454 imb:0 pmb:53 smb:1987 d:t ref:0 ;
in:609 out:611 type:b dur:2 cpbdur:2 q:43.74 aq:44.51 tex:49 mv:122 misc:309 imb:0 pmb:24 smb:2016 d:s ref:0 ;
in:611 out:612 type:b dur:2 cpbdur:2 q:43.68 aq:44.00 tex:3 mv:93 misc:248 imb:0 pmb:12 smb:2028 d:- ref:0 ;
in:616 out:613 type:P dur:2 cpbdur:2 q:43.51 aq:37.86 tex:7237 mv:3279 misc:1636 imb:20 pmb:538 smb:1482 d:t ref:0 ;
in:614 out:614 type:B dur:2 cpbdur:2 q:43.58 aq:43.24 tex:242 mv:448 misc:558 imb:0 pmb:69 smb:1971 d:t ref:0 ;
in:613 out:615 type:b dur:2 cpbdur:2 q:43.61 aq:45.85 tex:72 mv:305 misc:407 imb:0 pmb:41 smb:1999 d:t ref:0 ;
in:615 out:616 type:b dur:2 cpbdur:2 q:43.55 aq:44.00 tex:13 mv:124 misc:255 imb:0 pmb:14 smb:2026 d:- ref:0 ;
in:620 out:617 type:P dur:2 cpbdur:2 q:43.38 aq:38.10 tex:7591 mv:3302 misc:1635 imb:23 pmb:560 smb:1457 d:t ref:0 ;
in:618 out:618 type:B dur:2 cpbdur:2 q:43.45 aq:43.31 tex:170 mv:564 misc:586 imb:0 pmb:75 smb:1965 d:t ref:0 ;
in:617 out:619 type:b dur:2 cpbdur:2 q:43.48 aq:44.41 tex:42 mv:326 misc:416 imb:0 pmb:42 smb:1998 d:t ref:0 ;
in:619 out:620 type:b dur:2 cpbdur:2 q:43.42 aq:45.00 tex:3 mv:181 misc:304 imb:0 pmb:22 smb:2018 d:- ref:0 ;
in:624 out:621 type:P dur:2 cpbdur:2 q:43.27 aq:38.78 tex:6543 mv:3127 misc:1626 imb:16 pmb:530 smb:1494 d:t ref:0 ;
in:622 out:622 type:B dur:2 cpbdur:2 q:43.33 aq:42.99 tex:264 mv:596 misc:636 imb:0 pmb:83 smb:1957 d:t ref:0 ;
in:621 out:623 type:b dur:2 cpbdur:2 q:43.36 aq:44.33 tex:119 mv:383 misc:474 imb:0 pmb:54 smb:1986 d:t ref:0 ;
in:623 out:624 type:b dur:2 cpbdur:2 q:43.30 aq:42.00 tex:3 mv:153 misc:292 imb:0 pmb:19 smb:2021 d:- ref:0 ;
in:628 out:625 type:P dur:2 cpbdur:2 q:43.17 aq:38.92 tex:7529 mv:3354 misc:1669 imb:25 pmb:584 smb:1431 d:s ref:0 ;
in:626 out:626 type:B dur:2 cpbdur:2 q:43.22 aq:43.59 tex:323 mv:512 misc:541 imb:1 pmb:84 smb:1955 d:t ref:0 ;
in:625 out:627 type:b dur:2 cpbdur:2 q:43.25 aq:41.72 tex:75 mv:665 misc:588 imb:0 pmb:139 smb:1901 d:s ref:0 ;
in:627 out:628 type:b dur:2 cpbdur:2 q:43.19 aq:42.00 tex:0 mv:35 misc:197 imb:0 pmb:4 smb:2036 d:- ref:0 ;
in:632 out:629 type:P dur:2 cpbdur:2 q:43.05 aq:39.58 tex:4947 mv:2803 misc:1418 imb:28 pmb:431 smb:1581 d:t ref:0 ;
in:630 out:630 type:B dur:2 cpbdur:2 q:43.11 aq:42.73 tex:234 mv:791 misc:791 imb:0 pmb:127 smb:1913 d:t ref:0 ;
in:629 out:631 type:b dur:2 cpbdur:2 q:43.14 aq:45.34 tex:91 mv:410 misc:571 imb:0 pmb:75 smb:1965 d:s ref:0 ;
in:631 out:632 type:b dur:2 cpbdur:2 q:43.08 aq:43.97 tex:51 mv:223 misc:334 imb:0 pmb:30 smb:2010 d:- ref:0 ;
in:636 out:633 type:P dur:2 cpbdur:2 q:42.93 aq:41.23 tex:3700 mv:2200 misc:1116 imb:24 pmb:320 smb:1696 d:t ref:0 ;
in:634 out:634 type:B dur:2 cpbdur:2 q:42.99 aq:42.50 tex:431 mv:907 misc:806 imb:0 pmb:145 smb:1895 d:s ref:0 ;
in:633 out:635 type:b dur:2 cpbdur:2 q:43.02 aq:44.20 tex:68 mv:379 misc:585 imb:0 pmb:79 smb:1961 d:s ref:0 ;
in:635 out:636 type:b dur:2 cpbdur:2 q:42.96 aq:43.39 tex:32 mv:247 misc:353 imb:0 pmb:31 smb:2009 d:- ref:0 ;
in:640 out:637 type:P dur:2 cpbdur:2 q:42.82 aq:43.77 tex:1849 mv:1316 misc:643 imb:19 pmb:210 smb:1811 d:t ref:0 ;
in:638 out:638 type:B dur:2 cpbdur:2 q:42.88 aq:42.80 tex:634 mv:1474 misc:1076 imb:1 pmb:212 smb:1827 d:s ref:0 ;
in:637 out:639 type:b dur:2 cpbdur:2 q:42.91 aq:44.06 tex:83 mv:587 misc:618 imb:0 pmb:89 smb:1951 d:t ref:0 ;
in:639 out:640 type:b dur:2 cpbdur:2 q:42.85 aq:45.76 tex:115 mv:292 misc:401 imb:0 pmb:38 smb:2002 d:- ref:0 ;
in:641 out:641 type:I dur:2 cpbdur:2 q:40.42 aq:34.90 tex:217332 mv:74946 misc:170 imb:2040 pmb:0 smb:0 d:s ref:;
in:645 out:642 type:P dur:2 cpbdur:2 q:43.27 aq:39.48 tex:2957 mv:2360 misc:1339 imb:9 pmb:338 smb:1693 d:s ref:0 ;
in:643 out:643 type:B dur:2 cpbdur:2 q:43.27 aq:38.05 tex:100 mv:830 misc:846 imb:0 pmb:150 smb:1890 d:t ref:0 ;
in:642 out:644 type:b dur:2 cpbdur:2 q:43.27 aq:39.00 tex:3 mv:106 misc:243 imb:0 pmb:10 smb:2030 d:s ref:0 ;
in:644 out:645 type:b dur:2 cpbdur:2 q:43.27 aq:38.00 tex:12 mv:603 misc:473 imb:0 pmb:58 smb:1982 d:- ref:0 ;
in:649 out:646 type:P dur:2 cpbdur:2 q:43.18 aq:38.74 tex:4190 mv:2783 misc:1507 imb:13 pmb:402 smb:1625 d:s ref:0 ;
in:647 out:647 type:B dur:2 cpbdur:2 q:43.22 aq:41.53 tex:285 mv:801 misc:546 imb:0 pmb:75 smb:1965 d:s ref:0 ;
in:646 out:648 type:b dur:2 cpbdur:2 q:43.25 aq:37.00 tex:4 mv:79 misc:221 imb:0 pmb:8 smb:2032 d:s ref:0 ;
in:648 out:649 type:b dur:2 cpbdur:2 q:43.20 aq:39.15 tex:60 mv:295 misc:325 imb:0 pmb:26 smb:2014 d:- ref:0 ;
in:653 out:650 type:P dur:2 cpbdur:2 q:43.09 aq:37.61 tex:5348 mv:3285 misc:1607 imb:21 pmb:460 smb:1559 d:s ref:0 ;
in:651 out:651 type:B dur:2 cpbdur:2 q:43.14 aq:38.14 tex:212 mv:980 misc:768 imb:0 pmb:131 smb:1909 d:t ref:0 ;
in:650 out:652 type:b dur:2 cpbdur:2 q:43.16 aq:38.00 tex:2 mv:93 misc:225 imb:0 pmb:8 smb:2032 d:s ref:0 ;
in:652 out:653 type:b dur:2 cpbdur:2 q:43.11 aq:39.04 tex:50 mv:463 misc:375 imb:0 pmb:34 smb:2006 d:- ref:0 ;
in:657 out:654 type:P dur:2 cpbdur:2 q:43.44 aq:37.65 tex:4915 mv:3469 misc:1640 imb:26 pmb:473 smb:1541 d:s ref:0 ;
in:655 out:655 type:B dur:2 cpbdur:2 q:43.27 aq:43.61 tex:281 mv:897 misc:662 imb:0 pmb:93 smb:1947 d:s ref:0 ;
in:654 out:656 type:b dur:2 cpbdur:2 q:43.18 aq:38.00 tex:1 mv:55 misc:216 imb:0 pmb:6 smb:2034 d:s ref:0 ;
in:656 out:657 type:b dur:2 cpbdur:2 q:43.35 aq:39.12 tex:55 mv:771 misc:630 imb:0 pmb:89 smb:1951 d:- ref:0 ;
in:661 out:658 type:P dur:2 cpbdur:2 q:43.31 aq:37.67 tex:6849 mv:3857 misc:1782 imb:38 pmb:555 smb:1447 d:s ref:0 ;
in:659 out:659 type:B dur:2 cpbdur:2 q:43.37 aq:38.99 tex:197 mv:1420 misc:895 imb:4 pmb:152 smb:1884 d:t ref:0 ;
in:658 out:660 type:b dur:2 cpbdur:2 q:43.41 aq:43.81 tex:24 mv:107 misc:245 imb:0 pmb:11 smb:2029 d:s ref:0 ;
in:660 out:661 type:b dur:2 cpbdur:2 q:43.34 aq:40.94 tex:97 mv:617 misc:478 imb:1 pmb:53 smb:1986 d:- ref:0 ;
in:665 out:662 type:P dur:2 cpbdur:2 q:43.19 aq:37.67 tex:7969 mv:4363 misc:1892 imb:38 pmb:651 smb:1351 d:s ref:0 ;
in:663 out:663 type:B dur:2 cpbdur:2 q:43.25 aq:38.55 tex:216 mv:953 misc:663 imb:3 pmb:97 smb:1940 d:s ref:0 ;
in:662 out:664 type:b dur:2 cpbdur:2 q:43.28 aq:45.73 tex:39 mv:160 misc:265 imb:0 pmb:14 smb:2026 d:s ref:0 ;
in:664 out:665 type:b dur:2 cpbdur:2 q:43.22 aq:44.34 tex:78 mv:531 misc:471 imb:0 pmb:56 smb:1984 d:- ref:0 ;
in:669 out:666 type:P dur:2 cpbdur:2 q:43.09 aq:37.60 tex:9094 mv:4628 misc:1958 imb:37 pmb:722 smb:1281 d:s ref:0 ;
in:667 out:667 type:B dur:2 cpbdur:2 q:43.14 aq:41.03 tex:261 mv:776 misc:515 imb:1 pmb:65 smb:1974 d:s ref:0 ;
in:666 out:668 type:b dur:2 cpbdur:2 q:43.17 aq:38.00 tex:3 mv:50 misc:203 imb:0 pmb:5 smb:2035 d:s ref:0 ;
in:668 out:669 type:b dur:2 cpbdur:2 q:43.12 aq:37.27 tex:119 mv:733 misc:588 imb:1 pmb:82 smb:1957 d:- ref:0 ;
in:673 out:670 type:P dur:2 cpbdur:2 q:43.01 aq:37.52 tex:9902 mv:4811 misc:2015 imb:39 pmb:764 smb:1237 d:s ref:0 ;
in:671 out:671 type:B dur:2 cpbdur:2 q:43.05 aq:37.82 tex:192 mv:1430 misc:946 imb:2 pmb:167 smb:1871 d:t ref:0 ;
in:670 out:672 type:b dur:2 cpbdur:2 q:43.07 aq:43.67 tex:32 mv:297 misc:351 imb:0 pmb:30 smb:2010 d:s ref:0 ;
in:672 out:673 type:b dur:2 cpbdur:2 q:43.03 aq:37.00 tex:29 mv:926 misc:669 imb:1 pmb:94 smb:1945 d:- ref:0 ;
in:677 out:674 type:P dur:2 cpbdur:2 q:42.91 aq:37.57 tex:11360 mv:5064 misc:2040 imb:50 pmb:818 smb:1172 d:s ref:0 ;
in:675 out:675 type:B dur:2 cpbdur:2 q:42.96 aq:42.35 tex:224 mv:1014 misc:602 imb:2 pmb:86 smb:1952 d:s ref:0 ;
in:674 out:676 type:b dur:2 cpbdur:2 q:42.98 aq:44.79 tex:52 mv:427 misc:425 imb:0 pmb:41 smb:1999 d:s ref:0 ;
in:676 out:677 type:b dur:2 cpbdur:2 q:42.93 aq:38.30 tex:76 mv:1025 misc:675 imb:3 pmb:96 smb:1941 d:- ref:0 ;
in:681 out:678 type:P dur:2 cpbdur:2 q:42.82 aq:38.48 tex:9458 mv:4690 misc:2012 imb:31 pmb:745 smb:1264 d:s ref:0 ;
in:679 out:679 type:B dur:2 cpbdur:2 q:42.86 aq:41.22 tex:311 mv:824 misc:577 imb:2 pmb:79 smb:1959 d:s ref:0 ;
in:678 out:680 type:b dur:2 cpbdur:2 q:42.88 aq:37.00 tex:4 mv:130 misc:258 imb:0 pmb:12 smb:2028 d:s ref:0 ;
in:680 out:681 type:b dur:2 cpbdur:2 q:42.84 aq:37.00 tex:23 mv:916 misc:653 imb:1 pmb:94 smb:1945 d:- ref:0 ;
in:685 out:682 type:P dur:2 cpbdur:2 q:42.73 aq:38.11 tex:10506 mv:5272 misc:2038 imb:46 pmb:864 smb:1130 d:s ref:0 ;
in:683 out:683 type:B dur:2 cpbdur:2 q:42.77 aq:44.67 tex:275 mv:1158 misc:743 imb:2 pmb:114 smb:1924 d:s ref:0 ;
in:682 out:684 type:b dur:2 cpbdur:2 q:42.79 aq:37.00 tex:8 mv:285 misc:339 imb:0 pmb:28 smb:2012 d:s ref:0 ;
in:684 out:685 type:b dur:2 cpbdur:2 q:42.75 aq:45.25 tex:38 mv:673 misc:553 imb:0 pmb:75 smb:1965 d:- ref:0 ;
in:689 out:686 type:P dur:2 cpbdur:2 q:42.68 aq:38.47 tex:10907 mv:5356 misc:2081 imb:62 pmb:843 smb:1135 d:s ref:0 ;
in:687 out:687 type:B dur:2 cpbdur:2 q:42.70 aq:40.73 tex:389 mv:1478 misc:917 imb:2 pmb:152 smb:1886 d:s ref:0 ;
in:686 out:688 type:b dur:2 cpbdur:2 q:42.72 aq:43.59 tex:44 mv:534 misc:470 imb:0 pmb:54 smb:1986 d:s ref:0 ;
in:688 out:689 type:b dur:2 cpbdur:2 q:42.69 aq:44.54 tex:110 mv:1443 misc:879 imb:0 pmb:147 smb:1893 d:- ref:0 ;
in:693 out:690 type:P dur:2 cpbdur:2 q:42.59 aq:38.62 tex:8624 mv:5047 misc:2025 imb:52 pmb:767 smb:1221 d:s ref:0 ;
in:691 out:691 type:B dur:2 cpbdur:2 q:42.63 aq:39.59 tex:367 mv:1511 misc:858 imb:4 pmb:155 smb:1881 d:s ref:0 ;
in:690 out:692 type:b dur:2 cpbdur:2 q:42.66 aq:35.00 tex:13 mv:388 misc:423 imb:1 pmb:39 smb:2000 d:s ref:0 ;
in:692 out:693 type:b dur:2 cpbdur:2 q:42.61 aq:44.64 tex:147 mv:940 misc:641 imb:0 pmb:90 smb:1950 d:- ref:0 ;
in:697 out:694 type:P dur:2 cpbdur:2 q:42.51 aq:39.02 tex:5680 mv:4388 misc:1868 imb:46 pmb:600 smb:1394 d:s ref:0 ;
in:695 out:695 type:B dur:2 cpbdur:2 q:42.55 aq:43.29 tex:416 mv:1501 misc:875 imb:0 pmb:151 smb:1889 d:s ref:0 ;
in:694 out:696 type:b dur:2 cpbdur:2 q:42.57 aq:44.64 tex:61 mv:564 misc:487 imb:0 pmb:57 smb:1983 d:s ref:0 ;
in:696 out:697 type:b dur:2 cpbdur:2 q:42.53 aq:39.98 tex:72 mv:1616 misc:912 imb:0 pmb:160 smb:1880 d:- ref:0 ;
in:701 out:698 type:P dur:2 cpbdur:2 q:42.42 aq:40.57 tex:3749 mv:3798 misc:1629 imb:58 pmb:443 smb:1539 d:s ref:0 ;
in:699 out:699 type:B dur:2 cpbdur:2 q:42.46 aq:42.56 tex:666 mv:1886 misc:1080 imb:3 pmb:206 smb:1831 d:s ref:0 ;
in:698 out:700 type:b dur:2 cpbdur:2 q:42.49 aq:44.11 tex:60 mv:443 misc:433 imb:0 pmb:44 smb:1996 d:s ref:0 ;
in:700 out:701 type:b dur:2 cpbdur:2 q:42.44 aq:46.85 tex:148 mv:910 misc:654 imb:0 pmb:93 smb:1947 d:- ref:0 ;
in:704 out:702 type:P dur:2 cpbdur:2 q:42.33 aq:44.70 tex:1071 mv:1967 misc:1018 imb:23 pmb:225 smb:1792 d:s ref:0 ;
in:702 out:703 type:B dur:2 cpbdur:2 q:42.39 aq:44.01 tex:201 mv:1244 misc:915 imb:0 pmb:142 smb:1898 d:t ref:0 ;
in:703 out:704 type:b dur:2 cpbdur:2 q:42.36 aq:45.19 tex:152 mv:993 misc:719 imb:0 pmb:106 smb:1934 d:- ref:0 ;
in:705 out:705 type:I dur:2 cpbdur:2 q:39.80 aq:36.43 tex:129346 mv:79692 misc:194 imb:2040 pmb:0 smb:0 d:s ref:;
in:707 out:706 type:P dur:2 cpbdur:2 q:42.76 aq:39.29 tex:2863 mv:2173 misc:1212 imb:15 pmb:332 smb:1693 d:s ref:0 ;
in:706 out:707 type:b dur:2 cpbdur:2 q:42.76 aq:45.97 tex:58 mv:428 misc:490 imb:0 pmb:57 smb:1983 d:t ref:0 ;
in:710 out:708 type:P dur:2 cpbdur:2 q:42.70 aq:39.76 tex:12592 mv:8210 misc:1934 imb:87 pmb:961 smb:992 d:s ref:0 ;
in:708 out:709 type:B dur:2 cpbdur:2 q:42.74 aq:44.67 tex:668 mv:914 misc:642 imb:4 pmb:113 smb:1923 d:s ref:0 ;
in:709 out:710 type:b dur:2 cpbdur:2 q:42.72 aq:44.46 tex:147 mv:393 misc:508 imb:0 pmb:61 smb:1979 d:- ref:0 ;
in:714 out:711 type:P dur:2 cpbdur:2 q:42.67 aq:39.73 tex:19176 mv:10706 misc:1870 imb:122 pmb:1245 smb:673 d:s ref:0 ;
in:712 out:712 type:B dur:2 cpbdur:2 q:42.69 aq:43.49 tex:859 mv:1350 misc:967 imb:2 pmb:191 smb:1847 d:s ref:0 ;
in:711 out:713 type:b dur:2 cpbdur:2 q:42.69 aq:46.31 tex:195 mv:626 misc:603 imb:1 pmb:88 smb:1951 d:s ref:0 ;
in:713 out:714 type:b dur:2 cpbdur:2 q:42.68 aq:44.94 tex:108 mv:417 misc:587 imb:0 pmb:77 smb:1963 d:- ref:0 ;
in:717 out:715 type:P dur:2 cpbdur:2 q:42.59 aq:39.69 tex:18453 mv:10012 misc:1855 imb:113 pmb:1256 smb:671 d:s ref:0 ;
in:715 out:716 type:B dur:2 cpbdur:2 q:42.65 aq:45.08 tex:347 mv:456 misc:557 imb:0 pmb:77 smb:1963 d:s ref:0 ;
in:716 out:717 type:b dur:2 cpbdur:2 q:42.62 aq:45.04 tex:204 mv:447 misc:557 imb:0 pmb:87 smb:1953 d:- ref:0 ;
in:720 out:718 type:P dur:2 cpbdur:2 q:42.70 aq:39.85 tex:20508 mv:10733 misc:1799 imb:117 pmb:1318 smb:605 d:s ref:0 ;
in:718 out:719 type:B dur:2 cpbdur:2 q:42.63 aq:43.80 tex:552 mv:496 misc:504 imb:1 pmb:69 smb:1970 d:s ref:0 ;
in:719 out:720 type:b dur:2 cpbdur:2 q:42.66 aq:44.37 tex:383 mv:542 misc:563 imb:0 pmb:81 smb:1959 d:- ref:0 ;
in:724 out:721 type:P dur:2 cpbdur:2 q:42.68 aq:39.97 tex:21801 mv:11202 misc:1805 imb:144 pmb:1329 smb:567 d:s ref:0 ;
in:722 out:722 type:B dur:2 cpbdur:2 q:42.69 aq:42.82 tex:1333 mv:1555 misc:880 imb:5 pmb:174 smb:1861 d:s ref:0 ;
in:721 out:723 type:b dur:2 cpbdur:2 q:42.69 aq:45.25 tex:221 mv:317 misc:422 imb:0 pmb:46 smb:1994 d:s ref:0 ;
in:723 out:724 type:b dur:2 cpbdur:2 q:42.68 aq:44.99 tex:419 mv:348 misc:449 imb:2 pmb:56 smb:1982 d:- ref:0 ;
in:727 out:725 type:P dur:2 cpbdur:2 q:42.66 aq:40.48 tex:13318 mv:7766 misc:2068 imb:88 pmb:1048 smb:904 d:s ref:0 ;
in:725 out:726 type:B dur:2 cpbdur:2 q:42.67 aq:44.91 tex:273 mv:338 misc:389 imb:0 pmb:39 smb:2001 d:s ref:0 ;
in:726 out:727 type:b dur:2 cpbdur:2 q:42.67 aq:44.90 tex:403 mv:617 misc:764 imb:4 pmb:112 smb:1924 d:- ref:0 ;
in:730 out:728 type:P dur:2 cpbdur:2 q:42.66 aq:41.23 tex:15844 mv:9437 misc:1975 imb:133 pmb:1099 smb:808 d:s ref:0 ;
in:728 out:729 type:B dur:2 cpbdur:2 q:42.66 aq:43.64 tex:922 mv:1085 misc:809 imb:1 pmb:143 smb:1896 d:s ref:0 ;
in:729 out:730 type:b dur:2 cpbdur:2 q:42.66 aq:44.69 tex:331 mv:967 misc:974 imb:1 pmb:181 smb:1858 d:- ref:0 ;
in:733 out:731 type:P dur:2 cpbdur:2 q:42.69 aq:42.28 tex:12261 mv:8045 misc:2046 imb:121 pmb:925 smb:994 d:s ref:0 ;
in:731 out:732 type:B dur:2 cpbdur:2 q:42.67 aq:44.25 tex:618 mv:593 misc:597 imb:0 pmb:95 smb:1945 d:s ref:0 ;
in:732 out:733 type:b dur:2 cpbdur:2 q:42.68 aq:44.72 tex:505 mv:371 misc:532 imb:0 pmb:75 smb:1965 d:- ref:0 ;
in:735 out:734 type:P dur:2 cpbdur:2 q:42.72 aq:44.56 tex:3735 mv:2621 misc:1364 imb:51 pmb:342 smb:1647 d:s ref:0 ;
in:734 out:735 type:b dur:2 cpbdur:2 q:42.70 aq:45.88 tex:677 mv:480 misc:699 imb:0 pmb:110 smb:1930 d:t ref:0 ;
in:736 out:736 type:I dur:2 cpbdur:2 q:39.77 aq:32.95 tex:103834 mv:51536 misc:158 imb:2040 pmb:0 smb:0 d:s ref:;
in:740 out:737 type:P dur:2 cpbdur:2 q:43.00 aq:37.02 tex:1647 mv:2106 misc:1287 imb:17 pmb:302 smb:1721 d:s ref:0 ;
in:738 out:738 type:B dur:2 cpbdur:2 q:43.00 aq:41.95 tex:23 mv:6 misc:179 imb:0 pmb:1 smb:2039 d:t ref:0 ;
in:737 out:739 type:b dur:2 cpbdur:2 q:43.00 aq:40.00 tex:0 mv:0 misc:168 imb:0 pmb:0 smb:2040 d:s ref:0 ;
in:739 out:740 type:b dur:2 cpbdur:2 q:43.00 aq:40.00 tex:0 mv:0 misc:168 imb:0 pmb:0 smb:2040 d:- ref:0 ;
in:744 out:741 type:P dur:2 cpbdur:2 q:42.95 aq:36.26 tex:1906 mv:2714 misc:1476 imb:27 pmb:356 smb:1657 d:s ref:0 ;
in:742 out:742 type:B dur:2 cpbdur:2 q:42.97 aq:41.34 tex:22 mv:5 misc:189 imb:0 pmb:1 smb:2039 d:t ref:0 ;
in:741 out:743 type:b dur:2 cpbdur:2 q:42.99 aq:40.00 tex:0 mv:0 misc:168 imb:0 pmb:0 smb:2040 d:s ref:0 ;
in:743 out:744 type:b dur:2 cpbdur:2 q:42.96 aq:40.00 tex:0 mv:0 misc:168 imb:0 pmb:0 smb:2040 d:- ref:0 ;
in:748 out:745 type:P dur:2 cpbdur:2 q:42.87 aq:36.78 tex:3686 mv:4067 misc:1663 imb:79 pmb:446 smb:1515 d:s ref:0 ;
in:746 out:746 type:B dur:2 cpbdur:2 q:42.91 aq:41.98 tex:32 mv:62 misc:234 imb:0 pmb:7 smb:2033 d:t ref:0 ;
in:745 out:747 type:b dur:2 cpbdur:2 q:42.93 aq:40.00 tex:0 mv:0 misc:168 imb:0 pmb:0 smb:2040 d:s ref:0 ;
in:747 out:748 type:b dur:2 cpbdur:2 q:42.89 aq:40.00 tex:0 mv:0 misc:168 imb:0 pmb:0 smb:2040 d:- ref:0 ;
in:752 out:749 type:P dur:2 cpbdur:2 q:42.92 aq:36.44 tex:3588 mv:3786 misc:1690 imb:54 pmb:437 smb:1549 d:s ref:0 ;
in:750 out:750 type:B dur:2 cpbdur:2 q:42.89 aq:41.60 tex:42 mv:213 misc:321 imb:0 pmb:21 smb:2019 d:t ref:0 ;
in:749 out:751 type:b dur:2 cpbdur:2 q:42.88 aq:40.00 tex:0 mv:0 misc:168 imb:0 pmb:0 smb:2040 d:s ref:0 ;
in:751 out:752 type:b dur:2 cpbdur:2 q:42.91 aq:40.00 tex:0 mv:0 misc:168 imb:0 pmb:0 smb:2040 d:- ref:0 ;
in:756 out:753 type:P dur:2 cpbdur:2 q:42.77 aq:36.09 tex:4531 mv:4304 misc:1773 imb:63 pmb:499 smb:1478 d:s ref:0 ;
in:754 out:754 type:B dur:2 cpbdur:2 q:42.85 aq:40.22 tex:58 mv:276 misc:322 imb:0 pmb:22 smb:2018 d:t ref:0 ;
in:753 out:755 type:b dur:2 cpbdur:2 q:42.88 aq:40.00 tex:0 mv:0 misc:168 imb:0 pmb:0 smb:2040 d:s ref:0 ;
in:755 out:756 type:b dur:2 cpbdur:2 q:42.81 aq:43.35 tex:22 mv:5 misc:173 imb:0 pmb:1 smb:2039 d:- ref:0 ;
in:760 out:757 type:P dur:2 cpbdur:2 q:42.64 aq:35.74 tex:4474 mv:4058 misc:1716 imb:71 pmb:481 smb:1488 d:s ref:0 ;
in:758 out:758 type:B dur:2 cpbdur:2 q:42.71 aq:42.02 tex:100 mv:103 misc:269 imb:1 pmb:11 smb:2028 d:t ref:0 ;
in:757 out:759 type:b dur:2 cpbdur:2 q:42.74 aq:43.85 tex:43 mv:34 misc:243 imb:0 pmb:10 smb:2030 d:s ref:0 ;
in:759 out:760 type:b dur:2 cpbdur:2 q:42.67 aq:40.00 tex:0 mv:0 misc:168 imb:0 pmb:0 smb:2040 d:- ref:0 ;
in:764 out:761 type:P dur:2 cpbdur:2 q:42.54 aq:36.16 tex:5024 mv:4440 misc:1728 imb:68 pmb:510 smb:1462 d:s ref:0 ;
in:762 out:762 type:B dur:2 cpbdur:2 q:42.59 aq:40.42 tex:22 mv:276 misc:334 imb:0 pmb:25 smb:2015 d:t ref:0 ;
in:761 out:763 type:b dur:2 cpbdur:2 q:42.62 aq:40.00 tex:0 mv:0 misc:168 imb:0 pmb:0 smb:2040 d:s ref:0 ;
in:763 out:764 type:b dur:2 cpbdur:2 q:42.56 aq:40.00 tex:0 mv:0 misc:168 imb:0 pmb:0 smb:2040 d:- ref:0 ;
in:768 out:765 type:P dur:2 cpbdur:2 q:42.43 aq:36.43 tex:5207 mv:4301 misc:1724 imb:68 pmb:475 smb:1497 d:s ref:0 ;
in:766 out:766 type:B dur:2 cpbdur:2 q:42.48 aq:40.81 tex:55 mv:254 misc:339 imb:0 pmb:25 smb:2015 d:t ref:0 ;
in:765 out:767 type:b dur:2 cpbdur:2 q:42.51 aq:40.00 tex:0 mv:0 misc:168 imb:0 pmb:0 smb:2040 d:s ref:0 ;
in:767 out:768 type:b dur:2 cpbdur:2 q:42.45 aq:40.00 tex:0 mv:0 misc:168 imb:0 pmb:0 smb:2040 d:- ref:0 ;
in:772 out:769 type:P dur:2 cpbdur:2 q:42.30 aq:36.79 tex:4439 mv:4132 misc:1725 imb:52 pmb:499 smb:1489 d:s ref:0 ;
in:770 out:770 type:B dur:2 cpbdur:2 q:42.36 aq:43.53 tex:40 mv:23 misc:217 imb:0 pmb:4 smb:2036 d:t ref:0 ;
in:769 out:771 type:b dur:2 cpbdur:2 q:42.39 aq:40.00 tex:0 mv:0 misc:168 imb:0 pmb:0 smb:2040 d:s ref:0 ;
in:771 out:772 type:b dur:2 cpbdur:2 q:42.33 aq:38.11 tex:33 mv:9 misc:182 imb:0 pmb:2 smb:2038 d:- ref:0 ;
in:776 out:773 type:P dur:2 cpbdur:2 q:42.19 aq:36.78 tex:2572 mv:3176 misc:1572 imb:36 pmb:398 smb:1606 d:s ref:0 ;
in:774 out:774 type:B dur:2 cpbdur:2 q:42.24 aq:38.00 tex:10 mv:5 misc:193 imb:0 pmb:1 smb:2039 d:s ref:0 ;
in:773 out:775 type:b dur:2 cpbdur:2 q:42.27 aq:39.00 tex:10 mv:9 misc:181 imb:0 pmb:2 smb:2038 d:s ref:0 ;
in:775 out:776 type:b dur:2 cpbdur:2 q:42.21 aq:40.00 tex:0 mv:0 misc:168 imb:0 pmb:0 smb:2040 d:- ref:0 ;
in:780 out:777 type:P dur:2 cpbdur:2 q:42.09 aq:36.88 tex:2050 mv:3277 misc:1609 imb:44 pmb:378 smb:1618 d:s ref:0 ;
in:778 out:778 type:B dur:2 cpbdur:2 q:42.14 aq:38.00 tex:10 mv:9 misc:197 imb:0 pmb:2 smb:2038 d:t ref:0 ;
in:777 out:779 type:b dur:2 cpbdur:2 q:42.16 aq:40.00 tex:0 mv:0 misc:168 imb:0 pmb:0 smb:2040 d:s ref:0 ;
in:779 out:780 type:b dur:2 cpbdur:2 q:42.11 aq:40.00 tex:0 mv:0 misc:168 imb:0 pmb:0 smb:2040 d:- ref:0 ;
in:784 out:781 type:P dur:2 cpbdur:2 q:41.98 aq:38.23 tex:2271 mv:2788 misc:1389 imb:99 pmb:272 smb:1669 d:s ref:0 ;
in:782 out:782 type:B dur:2 cpbdur:2 q:42.03 aq:41.41 tex:342 mv:910 misc:684 imb:1 pmb:98 smb:1941 d:t ref:0 ;
in:781 out:783 type:b dur:2 cpbdur:2 q:42.06 aq:43.70 tex:21 mv:19 misc:192 imb:0 pmb:3 smb:2037 d:s ref:0 ;
in:783 out:784 type:b dur:2 cpbdur:2 q:42.00 aq:40.76 tex:34 mv:21 misc:201 imb:0 pmb:4 smb:2036 d:- ref:0 ;
in:786 out:785 type:P dur:2 cpbdur:2 q:41.83 aq:40.46 tex:6677 mv:3013 misc:1422 imb:86 pmb:286 smb:1668 d:s ref:0 ;
in:785 out:786 type:b dur:2 cpbdur:2 q:41.90 aq:41.29 tex:127 mv:250 misc:335 imb:2 pmb:39 smb:1999 d:s ref:0 ;
in:787 out:787 type:I dur:2 cpbdur:2 q:39.43 aq:32.63 tex:147993 mv:61906 misc:149 imb:2040 pmb:0 smb:0 d:s ref:;
in:791 out:788 type:P dur:2 cpbdur:2 q:42.26 aq:35.63 tex:794 mv:1861 misc:1241 imb:1 pmb:299 smb:1740 d:s ref:0 ;
in:789 out:789 type:B dur:2 cpbdur:2 q:42.26 aq:38.00 tex:0 mv:0 misc:168 imb:0 pmb:0 smb:2040 d:s ref:0 ;
in:788 out:790 type:b dur:2 cpbdur:2 q:42.26 aq:39.00 tex:0 mv:0 misc:168 imb:0 pmb:0 smb:2040 d:s ref:0 ;
in:790 out:791 type:b dur:2 cpbdur:2 q:42.26 aq:38.00 tex:0 mv:0 misc:168 imb:0 pmb:0 smb:2040 d:- ref:0 ;
in:795 out:792 type:P dur:2 cpbdur:2 q:42.14 aq:35.33 tex:2245 mv:2736 misc:1499 imb:6 pmb:400 smb:1634 d:s ref:0 ;
in:793 out:793 type:B dur:2 cpbdur:2 q:42.20 aq:37.00 tex:0 mv:0 misc:184 imb:0 pmb:0 smb:2040 d:s ref:0 ;
in:792 out:794 type:b dur:2 cpbdur:2 q:42.23 aq:38.00 tex:0 mv:0 misc:168 imb:0 pmb:0 smb:2040 d:s ref:0 ;
in:794 out:795 type:b dur:2 cpbdur:2 q:42.17 aq:38.00 tex:0 mv:0 misc:168 imb:0 pmb:0 smb:2040 d:- ref:0 ;
in:799 out:796 type:P dur:2 cpbdur:2 q:42.03 aq:35.73 tex:2481 mv:2720 misc:1495 imb:5 pmb:422 smb:1613 d:s ref:0 ;
in:797 out:797 type:B dur:2 cpbdur:2 q:42.09 aq:38.00 tex:0 mv:0 misc:184 imb:0 pmb:0 smb:2040 d:s ref:0 ;
in:796 out:798 type:b dur:2 cpbdur:2 q:42.12 aq:38.00 tex:0 mv:0 misc:168 imb:0 pmb:0 smb:2040 d:s ref:0 ;
in:798 out:799 type:b dur:2 cpbdur:2 q:42.06 aq:38.00 tex:0 mv:14 misc:178 imb:0 pmb:1 smb:2039 d:- ref:0 ;
in:803 out:800 type:P dur:2 cpbdur:2 q:42.08 aq:36.35 tex:2500 mv:2674 misc:1530 imb:6 pmb:431 smb:1603 d:s ref:0 ;
in:801 out:801 type:B dur:2 cpbdur:2 q:42.06 aq:36.00 tex:0 mv:0 misc:184 imb:0 pmb:0 smb:2040 d:s ref:0 ;
in:800 out:802 type:b dur:2 cpbdur:2 q:42.05 aq:38.00 tex:0 mv:0 misc:168 imb:0 pmb:0 smb:2040 d:s ref:0 ;
in:802 out:803 type:b dur:2 cpbdur:2 q:42.07 aq:38.00 tex:0 mv:0 misc:168 imb:0 pmb:0 smb:2040 d:- ref:0 ;
in:807 out:804 type:P dur:2 cpbdur:2 q:41.95 aq:35.47 tex:2228 mv:2639 misc:1533 imb:4 pmb:417 smb:1619 d:s ref:0 ;
in:805 out:805 type:B dur:2 cpbdur:2 q:42.02 aq:36.00 tex:0 mv:0 misc:184 imb:0 pmb:0 smb:2040 d:s ref:0 ;
in:804 out:806 type:b dur:2 cpbdur:2 q:42.05 aq:38.00 tex:0 mv:0 misc:168 imb:0 pmb:0 smb:2040 d:s ref:0 ;
in:806 out:807 type:b dur:2 cpbdur:2 q:41.99 aq:38.00 tex:0 mv:0 misc:168 imb:0 pmb:0 smb:2040 d:- ref:0 ;
in:811 out:808 type:P dur:2 cpbdur:2 q:41.82 aq:35.44 tex:3559 mv:3309 misc:1716 imb:15 pmb:498 smb:1527 d:s ref:0 ;
in:809 out:809 type:B dur:2 cpbdur:2 q:41.89 aq:37.00 tex:0 mv:0 misc:184 imb:0 pmb:0 smb:2040 d:s ref:0 ;
in:808 out:810 type:b dur:2 cpbdur:2 q:41.92 aq:38.00 tex:0 mv:0 misc:168 imb:0 pmb:0 smb:2040 d:s ref:0 ;
in:810 out:811 type:b dur:2 cpbdur:2 q:41.86 aq:38.00 tex:0 mv:0 misc:168 imb:0 pmb:0 smb:2040 d:- ref:0 ;
in:815 out:812 type:P dur:2 cpbdur:2 q:41.71 aq:36.10 tex:3380 mv:3632 misc:1740 imb:17 pmb:530 smb:1493 d:s ref:0 ;
in:813 out:813 type:B dur:2 cpbdur:2 q:41.76 aq:38.00 tex:0 mv:0 misc:184 imb:0 pmb:0 smb:2040 d:s ref:0 ;
in:812 out:814 type:b dur:2 cpbdur:2 q:41.79 aq:38.00 tex:0 mv:0 misc:168 imb:0 pmb:0 smb:2040 d:s ref:0 ;
in:814 out:815 type:b dur:2 cpbdur:2 q:41.74 aq:39.00 tex:0 mv:0 misc:168 imb:0 pmb:0 smb:2040 d:- ref:0 ;
in:819 out:816 type:P dur:2 cpbdur:2 q:41.57 aq:36.81 tex:3993 mv:3746 misc:1701 imb:15 pmb:542 smb:1483 d:s ref:0 ;
in:817 out:817 type:B dur:2 cpbdur:2 q:41.64 aq:38.00 tex:0 mv:3 misc:189 imb:0 pmb:1 smb:2039 d:t ref:0 ;
in:816 out:818 type:b dur:2 cpbdur:2 q:41.67 aq:39.00 tex:0 mv:0 misc:168 imb:0 pmb:0 smb:2040 d:s ref:0 ;
in:818 out:819 type:b dur:2 cpbdur:2 q:41.61 aq:39.00 tex:0 mv:0 misc:168 imb:0 pmb:0 smb:2040 d:- ref:0 ;
in:823 out:820 type:P dur:2 cpbdur:2 q:41.45 aq:36.30 tex:3997 mv:3854 misc:1797 imb:17 pmb:566 smb:1457 d:s ref:0 ;
in:821 out:821 type:B dur:2 cpbdur:2 q:41.51 aq:38.00 tex:10 mv:5 misc:193 imb:0 pmb:1 smb:2039 d:s ref:0 ;
in:820 out:822 type:b dur:2 cpbdur:2 q:41.54 aq:38.00 tex:0 mv:0 misc:168 imb:0 pmb:0 smb:2040 d:s ref:0 ;
in:822 out:823 type:b dur:2 cpbdur:2 q:41.48 aq:39.00 tex:0 mv:0 misc:168 imb:0 pmb:0 smb:2040 d:- ref:0 ;
in:827 out:824 type:P dur:2 cpbdur:2 q:41.32 aq:36.09 tex:3301 mv:3776 misc:1739 imb:22 pmb:525 smb:1493 d:s ref:0 ;
in:825 out:825 type:B dur:2 cpbdur:2 q:41.38 aq:37.00 tex:0 mv:0 misc:184 imb:0 pmb:0 smb:2040 d:s ref:0 ;
in:824 out:826 type:b dur:2 cpbdur:2 q:41.41 aq:40.94 tex:18 mv:5 misc:177 imb:0 pmb:1 smb:2039 d:s ref:0 ;
in:826 out:827 type:b dur:2 cpbdur:2 q:41.35 aq:41.91 tex:31 mv:9 misc:184 imb:0 pmb:2 smb:2038 d:- ref:0 ;
in:831 out:828 type:P dur:2 cpbdur:2 q:41.21 aq:36.97 tex:2028 mv:3361 misc:1611 imb:20 pmb:452 smb:1568 d:s ref:0 ;
in:829 out:829 type:B dur:2 cpbdur:2 q:41.27 aq:38.00 tex:0 mv:0 misc:184 imb:0 pmb:0 smb:2040 d:s ref:0 ;
in:828 out:830 type:b dur:2 cpbdur:2 q:41.29 aq:39.00 tex:0 mv:0 misc:168 imb:0 pmb:0 smb:2040 d:s ref:0 ;
in:830 out:831 type:b dur:2 cpbdur:2 q:41.24 aq:39.00 tex:0 mv:0 misc:168 imb:0 pmb:0 smb:2040 d:- ref:0 ;
in:835 out:832 type:P dur:2 cpbdur:2 q:41.09 aq:37.81 tex:1096 mv:2539 misc:1437 imb:8 pmb:359 smb:1673 d:s ref:0 ;
in:833 out:833 type:B dur:2 cpbdur:2 q:41.15 aq:37.00 tex:0 mv:4 misc:188 imb:0 pmb:1 smb:2039 d:s ref:0 ;
in:832 out:834 type:b dur:2 cpbdur:2 q:41.18 aq:39.00 tex:0 mv:0 misc:168 imb:0 pmb:0 smb:2040 d:s ref:0 ;
in:834 out:835 type:b dur:2 cpbdur:2 q:41.12 aq:38.00 tex:0 mv:0 misc:168 imb:0 pmb:0 smb:2040 d:- ref:0 ;
in:839 out:836 type:P dur:2 cpbdur:2 q:40.94 aq:35.88 tex:364 mv:1490 misc:1018 imb:6 pmb:197 smb:1837 d:s ref:0 ;
in:837 out:837 type:B dur:2 cpbdur:2 q:41.01 aq:37.00 tex:1 mv:8 misc:191 imb:0 pmb:1 smb:2039 d:s ref:0 ;
in:836 out:838 type:b dur:2 cpbdur:2 q:41.05 aq:38.00 tex:0 mv:0 misc:168 imb:0 pmb:0 smb:2040 d:s ref:0 ;
in:838 out:839 type:b dur:2 cpbdur:2 q:40.98 aq:38.00 tex:0 mv:0 misc:168 imb:0 pmb:0 smb:2040 d:- ref:0 ;
in:840 out:840 type:I dur:2 cpbdur:2 q:38.57 aq:34.13 tex:169277 mv:77601 misc:162 imb:2040 pmb:0 smb:0 d:s ref:;
in:843 out:841 type:P dur:2 cpbdur:2 q:41.43 aq:37.30 tex:7577 mv:4452 misc:1627 imb:56 pmb:514 smb:1470 d:s ref:0 ;
in:841 out:842 type:B dur:2 cpbdur:2 q:41.43 aq:42.27 tex:376 mv:470 misc:354 imb:1 pmb:49 smb:1990 d:s ref:0 ;
in:842 out:843 type:b dur:2 cpbdur:2 q:41.43 aq:40.95 tex:260 mv:381 misc:351 imb:0 pmb:47 smb:1993 d:- ref:0 ;
in:847 out:844 type:P dur:2 cpbdur:2 q:41.38 aq:37.05 tex:17113 mv:8790 misc:1865 imb:104 pmb:1023 smb:913 d:s ref:0 ;
in:845 out:845 type:B dur:2 cpbdur:2 q:41.41 aq:42.55 tex:1144 mv:961 misc:527 imb:4 pmb:108 smb:1928 d:s ref:0 ;
in:844 out:846 type:b dur:2 cpbdur:2 q:41.42 aq:42.42 tex:273 mv:300 misc:315 imb:1 pmb:35 smb:2004 d:s ref:0 ;
in:846 out:847 type:b dur:2 cpbdur:2 q:41.39 aq:41.98 tex:352 mv:477 misc:387 imb:0 pmb:57 smb:1983 d:- ref:0 ;
in:849 out:848 type:P dur:2 cpbdur:2 q:41.32 aq:36.77 tex:13394 mv:6868 misc:1946 imb:61 pmb:1000 smb:979 d:s ref:0 ;
in:848 out:849 type:b dur:2 cpbdur:2 q:41.35 aq:44.15 tex:323 mv:392 misc:317 imb:0 pmb:47 smb:1993 d:t ref:0 ;
in:853 out:850 type:P dur:2 cpbdur:2 q:41.29 aq:37.05 tex:19856 mv:8563 misc:1925 imb:86 pmb:1154 smb:800 d:s ref:0 ;
in:851 out:851 type:B dur:2 cpbdur:2 q:41.30 aq:44.45 tex:556 mv:693 misc:423 imb:4 pmb:64 smb:1972 d:s ref:0 ;
in:850 out:852 type:b dur:2 cpbdur:2 q:41.31 aq:43.00 tex:55 mv:203 misc:398 imb:0 pmb:52 smb:1988 d:s ref:0 ;
in:852 out:853 type:b dur:2 cpbdur:2 q:41.29 aq:44.07 tex:419 mv:615 misc:486 imb:5 pmb:72 smb:1963 d:- ref:0 ;
in:857 out:854 type:P dur:2 cpbdur:2 q:41.37 aq:37.12 tex:26118 mv:10640 misc:1714 imb:120 pmb:1379 smb:541 d:s ref:0 ;
in:855 out:855 type:B dur:2 cpbdur:2 q:41.33 aq:40.96 tex:1017 mv:1272 misc:703 imb:7 pmb:117 smb:1916 d:s ref:0 ;
in:854 out:856 type:b dur:2 cpbdur:2 q:41.31 aq:43.97 tex:449 mv:674 misc:517 imb:2 pmb:81 smb:1957 d:s ref:0 ;
in:856 out:857 type:b dur:2 cpbdur:2 q:41.35 aq:39.12 tex:255 mv:504 misc:377 imb:1 pmb:63 smb:1976 d:- ref:0 ;
in:861 out:858 type:P dur:2 cpbdur:2 q:41.35 aq:37.35 tex:16602 mv:7825 misc:2029 imb:60 pmb:1126 smb:854 d:s ref:0 ;
in:859 out:859 type:B dur:2 cpbdur:2 q:41.36 aq:40.32 tex:1171 mv:1498 misc:955 imb:1 pmb:190 smb:1849 d:s ref:0 ;
in:858 out:860 type:b dur:2 cpbdur:2 q:41.37 aq:44.53 tex:408 mv:581 misc:451 imb:1 pmb:65 smb:1974 d:s ref:0 ;
in:860 out:861 type:b dur:2 cpbdur:2 q:41.35 aq:41.00 tex:38 mv:345 misc:553 imb:0 pmb:89 smb:1951 d:- ref:0 ;
in:865 out:862 type:P dur:2 cpbdur:2 q:41.35 aq:37.44 tex:24144 mv:10384 misc:1808 imb:109 pmb:1356 smb:575 d:s ref:0 ;
in:863 out:863 type:B dur:2 cpbdur:2 q:41.35 aq:40.18 tex:1419 mv:1591 misc:822 imb:4 pmb:161 smb:1875 d:t ref:0 ;
in:862 out:864 type:b dur:2 cpbdur:2 q:41.35 aq:38.48 tex:416 mv:1473 misc:943 imb:2 pmb:201 smb:1837 d:s ref:0 ;
in:864 out:865 type:b dur:2 cpbdur:2 q:41.35 aq:44.36 tex:464 mv:1287 misc:993 imb:1 pmb:212 smb:1827 d:- ref:0 ;
in:869 out:866 type:P dur:2 cpbdur:2 q:41.36 aq:37.92 tex:17841 mv:8021 misc:2026 imb:89 pmb:1111 smb:840 d:s ref:0 ;
in:867 out:867 type:B dur:2 cpbdur:2 q:41.35 aq:42.41 tex:1254 mv:1746 misc:1016 imb:2 pmb:207 smb:1831 d:t ref:0 ;
in:866 out:868 type:b dur:2 cpbdur:2 q:41.35 aq:45.13 tex:390 mv:692 misc:470 imb:0 pmb:65 smb:1975 d:s ref:0 ;
in:868 out:869 type:b dur:2 cpbdur:2 q:41.36 aq:45.14 tex:292 mv:804 misc:616 imb:0 pmb:111 smb:1929 d:- ref:0 ;
in:873 out:870 type:P dur:2 cpbdur:2 q:41.33 aq:39.31 tex:8420 mv:5648 misc:1884 imb:50 pmb:720 smb:1270 d:s ref:0 ;
in:871 out:871 type:B dur:2 cpbdur:2 q:41.35 aq:42.92 tex:749 mv:993 misc:666 imb:1 pmb:113 smb:1926 d:s ref:0 ;
in:870 out:872 type:b dur:2 cpbdur:2 q:41.35 aq:43.00 tex:38 mv:405 misc:957 imb:0 pmb:183 smb:1857 d:s ref:0 ;
in:872 out:873 type:b dur:2 cpbdur:2 q:41.34 aq:42.74 tex:336 mv:609 misc:471 imb:1 pmb:76 smb:1963 d:- ref:0 ;
in:877 out:874 type:P dur:2 cpbdur:2 q:41.31 aq:42.56 tex:4104 mv:3499 misc:1317 imb:75 pmb:327 smb:1638 d:s ref:0 ;
in:875 out:875 type:B dur:2 cpbdur:2 q:41.32 aq:41.35 tex:2196 mv:2625 misc:1435 imb:5 pmb:334 smb:1701 d:t ref:0 ;
in:874 out:876 type:b dur:2 cpbdur:2 q:41.33 aq:43.64 tex:294 mv:1026 misc:696 imb:2 pmb:122 smb:1916 d:s ref:0 ;
in:876 out:877 type:b dur:2 cpbdur:2 q:41.32 aq:44.43 tex:477 mv:1193 misc:802 imb:1 pmb:150 smb:1889 d:- ref:0 ;
in:878 out:878 type:I dur:2 cpbdur:2 q:38.45 aq:34.66 tex:59410 mv:24592 misc:174 imb:2040 pmb:0 smb:0 d:s ref:;
in:882 out:879 type:P dur:2 cpbdur:2 q:41.38 aq:38.14 tex:27210 mv:9898 misc:1140 imb:937 pmb:386 smb:717 d:s ref:0 ;
in:880 out:880 type:B dur:2 cpbdur:2 q:41.38 aq:39.22 tex:5313 mv:6282 misc:1309 imb:119 pmb:454 smb:1467 d:s ref:0 ;
in:879 out:881 type:b dur:2 cpbdur:2 q:41.38 aq:40.14 tex:1807 mv:4006 misc:1267 imb:56 pmb:375 smb:1609 d:s ref:0 ;
in:881 out:882 type:b dur:2 cpbdur:2 q:41.38 aq:40.76 tex:2129 mv:3757 misc:1242 imb:55 pmb:341 smb:1644 d:- ref:0 ;
in:883 out:883 type:P dur:2 cpbdur:2 q:41.34 aq:38.06 tex:9955 mv:6404 misc:1545 imb:310 pmb:409 smb:1321 d:s ref:0 ;
in:887 out:884 type:P dur:2 cpbdur:2 q:41.33 aq:38.01 tex:25049 mv:10194 misc:1341 imb:810 pmb:457 smb:773 d:s ref:0 ;
in:885 out:885 type:B dur:2 cpbdur:2 q:41.33 aq:38.97 tex:5869 mv:6367 misc:1492 imb:119 pmb:488 smb:1433 d:s ref:0 ;
in:884 out:886 type:b dur:2 cpbdur:2 q:41.33 aq:38.37 tex:2587 mv:4057 misc:1228 imb:81 pmb:335 smb:1624 d:s ref:0 ;
in:886 out:887 type:b dur:2 cpbdur:2 q:41.33 aq:38.33 tex:2068 mv:3778 misc:1122 imb:39 pmb:333 smb:1668 d:- ref:0 ;
in:891 out:888 type:P dur:2 cpbdur:2 q:41.31 aq:37.32 tex:22000 mv:9216 misc:1496 imb:598 pmb:487 smb:955 d:s ref:0 ;
in:889 out:889 type:B dur:2 cpbdur:2 q:41.32 aq:39.54 tex:4719 mv:5330 misc:1303 imb:86 pmb:421 smb:1533 d:s ref:0 ;
in:888 out:890 type:b dur:2 cpbdur:2 q:41.32 aq:41.96 tex:1768 mv:3232 misc:1136 imb:25 pmb:301 smb:1714 d:s ref:0 ;
in:890 out:891 type:b dur:2 cpbdur:2 q:41.31 aq:40.38 tex:2231 mv:3496 misc:1041 imb:41 pmb:282 smb:1717 d:- ref:0 ;
in:892 out:892 type:P dur:2 cpbdur:2 q:41.44 aq:37.22 tex:6263 mv:4334 misc:1491 imb:192 pmb:355 smb:1493 d:s ref:0 ;
in:893 out:893 type:P dur:2 cpbdur:2 q:41.45 aq:37.61 tex:9316 mv:5571 misc:1497 imb:257 pmb:391 smb:1392 d:s ref:0 ;
in:894 out:894 type:P dur:2 cpbdur:2 q:41.46 aq:36.82 tex:6611 mv:4358 misc:1519 imb:199 pmb:357 smb:1484 d:s ref:0 ;
in:895 out:895 type:P dur:2 cpbdur:2 q:41.47 aq:37.19 tex:11488 mv:5938 misc:1566 imb:299 pmb:441 smb:1300 d:s ref:0 ;
in:898 out:896 type:P dur:2 cpbdur:2 q:41.52 aq:38.22 tex:17764 mv:7064 misc:1444 imb:464 pmb:360 smb:1216 d:s ref:0 ;
in:896 out:897 type:B dur:2 cpbdur:2 q:41.49 aq:38.63 tex:2003 mv:3267 misc:1154 imb:57 pmb:286 smb:1697 d:s ref:0 ;
in:897 out:898 type:b dur:2 cpbdur:2 q:41.50 aq:39.66 tex:1385 mv:2508 misc:923 imb:46 pmb:216 smb:1778 d:- ref:0 ;
in:899 out:899 type:P dur:2 cpbdur:2 q:41.56 aq:38.45 tex:7608 mv:5232 misc:1496 imb:191 pmb:393 smb:1456 d:s ref:0 ;
in:900 out:900 type:P dur:2 cpbdur:2 q:41.61 aq:37.59 tex:5471 mv:4295 misc:1442 imb:164 pmb:340 smb:1536 d:s ref:0 ;
in:901 out:901 type:P dur:2 cpbdur:2 q:41.62 aq:39.39 tex:7942 mv:5483 misc:1479 imb:216 pmb:419 smb:1405 d:s ref:0 ;
in:902 out:902 type:P dur:2 cpbdur:2 q:41.64 aq:37.49 tex:6170 mv:4241 misc:1501 imb:175 pmb:351 smb:1514 d:s ref:0 ;
in:903 out:903 type:P dur:2 cpbdur:2 q:41.64 aq:38.33 tex:9730 mv:6325 misc:1553 imb:269 pmb:453 smb:1318 d:s ref:0 ;
in:904 out:904 type:P dur:2 cpbdur:2 q:41.65 aq:38.10 tex:6800 mv:4718 misc:1490 imb:215 pmb:365 smb:1460 d:s ref:0 ;
in:905 out:905 type:P dur:2 cpbdur:2 q:41.67 aq:38.56 tex:9220 mv:5995 misc:1657 imb:304 pmb:406 smb:1330 d:s ref:0 ;
in:908 out:906 type:P dur:2 cpbdur:2 q:41.68 aq:38.40 tex:17783 mv:8207 misc:1370 imb:676 pmb:401 smb:963 d:s ref:0 ;
in:906 out:907 type:B dur:2 cpbdur:2 q:41.67 aq:38.20 tex:2094 mv:3970 misc:1232 imb:70 pmb:315 smb:1655 d:s ref:0 ;
in:907 out:908 type:b dur:2 cpbdur:2 q:41.68 aq:39.59 tex:1672 mv:3268 misc:1156 imb:57 pmb:271 smb:1712 d:- ref:0 ;
in:909 out:909 type:P dur:2 cpbdur:2 q:41.72 aq:37.13 tex:9744 mv:5135 misc:1481 imb:332 pmb:349 smb:1359 d:s ref:0 ;
in:911 out:910 type:P dur:2 cpbdur:2 q:41.72 aq:38.51 tex:12000 mv:6665 misc:1479 imb:440 pmb:383 smb:1217 d:s ref:0 ;
in:910 out:911 type:b dur:2 cpbdur:2 q:41.72 aq:39.13 tex:1430 mv:2915 misc:999 imb:54 pmb:247 smb:1739 d:s ref:0 ;
in:912 out:912 type:P dur:2 cpbdur:2 q:41.73 aq:38.02 tex:4528 mv:4868 misc:1460 imb:194 pmb:351 smb:1495 d:s ref:0 ;
in:913 out:913 type:P dur:2 cpbdur:2 q:41.73 aq:37.10 tex:6511 mv:5222 misc:1667 imb:300 pmb:352 smb:1388 d:s ref:0 ;
in:914 out:914 type:P dur:2 cpbdur:2 q:41.74 aq:37.56 tex:5196 mv:4737 misc:1571 imb:226 pmb:341 smb:1473 d:s ref:0 ;
in:915 out:915 type:P dur:2 cpbdur:2 q:41.74 aq:39.12 tex:6068 mv:5008 misc:1572 imb:279 pmb:312 smb:1449 d:s ref:0 ;
in:916 out:916 type:P dur:2 cpbdur:2 q:41.75 aq:37.77 tex:3996 mv:3793 misc:1491 imb:176 pmb:309 smb:1555 d:s ref:0 ;
in:917 out:917 type:P dur:2 cpbdur:2 q:41.75 aq:39.81 tex:7470 mv:5312 misc:1546 imb:269 pmb:352 smb:1419 d:s ref:0 ;
in:918 out:918 type:P dur:2 cpbdur:2 q:41.79 aq:37.92 tex:4592 mv:4539 misc:1653 imb:234 pmb:325 smb:1481 d:s ref:0 ;
in:919 out:919 type:P dur:2 cpbdur:2 q:41.79 aq:38.34 tex:6489 mv:5530 misc:1565 imb:309 pmb:372 smb:1359 d:s ref:0 ;
in:920 out:920 type:P dur:2 cpbdur:2 q:41.79 aq:38.79 tex:3586 mv:3650 misc:1388 imb:202 pmb:251 smb:1587 d:s ref:0 ;
in:921 out:921 type:I dur:2 cpbdur:2 q:38.70 aq:34.51 tex:52606 mv:33245 misc:165 imb:2040 pmb:0 smb:0 d:s ref:;
in:922 out:922 type:P dur:2 cpbdur:2 q:41.97 aq:36.68 tex:4608 mv:4392 misc:1216 imb:95 pmb:339 smb:1606 d:s ref:0 ;
in:926 out:923 type:P dur:2 cpbdur:2 q:41.98 aq:39.46 tex:18067 mv:6827 misc:1266 imb:348 pmb:380 smb:1312 d:s ref:0 ;
in:924 out:924 type:B dur:2 cpbdur:2 q:41.97 aq:40.45 tex:5730 mv:4566 misc:1200 imb:51 pmb:382 smb:1607 d:s ref:0 ;
in:923 out:925 type:b dur:2 cpbdur:2 q:41.97 aq:43.66 tex:2139 mv:3158 misc:927 imb:14 pmb:274 smb:1752 d:s ref:0 ;
in:925 out:926 type:b dur:2 cpbdur:2 q:41.98 aq:44.27 tex:1584 mv:2886 misc:930 imb:11 pmb:274 smb:1755 d:- ref:0 ;
in:927 out:927 type:P dur:2 cpbdur:2 q:41.99 aq:40.57 tex:8570 mv:4825 misc:1277 imb:129 pmb:369 smb:1542 d:s ref:0 ;
in:928 out:928 type:P dur:2 cpbdur:2 q:42.01 aq:39.60 tex:7565 mv:5056 misc:1371 imb:98 pmb:426 smb:1516 d:s ref:0 ;
in:930 out:929 type:P dur:2 cpbdur:2 q:42.01 aq:40.15 tex:10368 mv:6439 misc:1361 imb:196 pmb:439 smb:1405 d:s ref:0 ;
in:929 out:930 type:b dur:2 cpbdur:2 q:42.01 aq:42.92 tex:1766 mv:2950 misc:1108 imb:24 pmb:298 smb:1718 d:s ref:0 ;
in:931 out:931 type:P dur:2 cpbdur:2 q:42.02 aq:39.48 tex:10350 mv:6328 misc:1402 imb:161 pmb:463 smb:1416 d:s ref:0 ;
in:932 out:932 type:P dur:2 cpbdur:2 q:42.02 aq:40.37 tex:4496 mv:3908 misc:1244 imb:61 pmb:360 smb:1619 d:s ref:0 ;
in:933 out:933 type:P dur:2 cpbdur:2 q:42.08 aq:39.73 tex:7915 mv:5139 misc:1402 imb:141 pmb:399 smb:1500 d:s ref:0 ;
in:934 out:934 type:P dur:2 cpbdur:2 q:42.07 aq:38.64 tex:6186 mv:4792 misc:1366 imb:120 pmb:399 smb:1521 d:s ref:0 ;
in:938 out:935 type:P dur:2 cpbdur:2 q:42.09 aq:39.56 tex:19786 mv:7421 misc:1137 imb:427 pmb:378 smb:1235 d:s ref:0 ;
in:936 out:936 type:B dur:2 cpbdur:2 q:42.08 aq:40.77 tex:9157 mv:6033 misc:1122 imb:71 pmb:457 smb:1512 d:s ref:0 ;
in:935 out:937 type:b dur:2 cpbdur:2 q:42.08 aq:41.65 tex:1801 mv:3360 misc:975 imb:33 pmb:296 smb:1711 d:s ref:0 ;
in:937 out:938 type:b dur:2 cpbdur:2 q:42.08 aq:42.96 tex:1693 mv:3107 misc:1040 imb:20 pmb:295 smb:1725 d:- ref:0 ;
in:942 out:939 type:P dur:2 cpbdur:2 q:42.08 aq:39.00 tex:19003 mv:7512 misc:1205 imb:466 pmb:411 smb:1163 d:s ref:0 ;
in:940 out:940 type:B dur:2 cpbdur:2 q:42.08 aq:41.58 tex:9396 mv:6811 misc:993 imb:114 pmb:487 smb:1439 d:s ref:0 ;
in:939 out:941 type:b dur:2 cpbdur:2 q:42.08 aq:42.66 tex:2735 mv:3908 misc:1125 imb:38 pmb:340 smb:1662 d:s ref:0 ;
in:941 out:942 type:b dur:2 cpbdur:2 q:42.08 aq:43.34 tex:2211 mv:3289 misc:1068 imb:21 pmb:314 smb:1705 d:- ref:0 ;
in:946 out:943 type:P dur:2 cpbdur:2 q:42.08 aq:40.38 tex:20847 mv:8253 misc:1228 imb:358 pmb:470 smb:1212 d:s ref:0 ;
in:944 out:944 type:B dur:2 cpbdur:2 q:42.08 aq:41.05 tex:8202 mv:6818 misc:1172 imb:107 pmb:458 smb:1475 d:s ref:0 ;
in:943 out:945 type:b dur:2 cpbdur:2 q:42.08 aq:42.25 tex:2250 mv:3117 misc:1049 imb:32 pmb:288 smb:1720 d:s ref:0 ;
in:945 out:946 type:b dur:2 cpbdur:2 q:42.08 aq:41.41 tex:1994 mv:3310 misc:1032 imb:35 pmb:273 smb:1732 d:- ref:0 ;
in:947 out:947 type:P dur:2 cpbdur:2 q:42.13 aq:38.83 tex:9071 mv:5656 misc:1361 imb:131 pmb:445 smb:1464 d:s ref:0 ;
in:948 out:948 type:P dur:2 cpbdur:2 q:42.18 aq:39.31 tex:4396 mv:4429 misc:1423 imb:93 pmb:413 smb:1534 d:s ref:0 ;
in:949 out:949 type:P dur:2 cpbdur:2 q:42.17 aq:40.35 tex:7928 mv:5245 misc:1443 imb:146 pmb:433 smb:1461 d:s ref:0 ;
in:950 out:950 type:P dur:2 cpbdur:2 q:42.17 aq:39.82 tex:5708 mv:4592 misc:1348 imb:102 pmb:377 smb:1561 d:s ref:0 ;
in:951 out:951 type:P dur:2 cpbdur:2 q:42.22 aq:40.28 tex:7438 mv:5228 misc:1382 imb:150 pmb:396 smb:1494 d:s ref:0 ;
in:952 out:952 type:P dur:2 cpbdur:2 q:42.27 aq:40.50 tex:4721 mv:4463 misc:1376 imb:113 pmb:389 smb:1538 d:s ref:0 ;
in:953 out:953 type:P dur:2 cpbdur:2 q:42.29 aq:40.40 tex:8152 mv:5026 misc:1390 imb:150 pmb:402 smb:1488 d:s ref:0 ;
in:956 out:954 type:P dur:2 cpbdur:2 q:42.30 aq:41.47 tex:16871 mv:7244 misc:1197 imb:339 pmb:437 smb:1264 d:s ref:0 ;
in:954 out:955 type:B dur:2 cpbdur:2 q:42.29 aq:41.29 tex:3433 mv:4036 misc:1195 imb:48 pmb:368 smb:1624 d:s ref:0 ;
in:955 out:956 type:b dur:2 cpbdur:2 q:42.30 aq:44.10 tex:2280 mv:2957 misc:1043 imb:24 pmb:282 smb:1734 d:- ref:0 ;
in:957 out:957 type:P dur:2 cpbdur:2 q:42.42 aq:41.31 tex:8197 mv:5232 misc:1387 imb:144 pmb:422 smb:1474 d:s ref:0 ;
in:958 out:958 type:P dur:2 cpbdur:2 q:42.44 aq:40.59 tex:5329 mv:4436 misc:1347 imb:79 pmb:412 smb:1549 d:s ref:0 ;
in:959 out:959 type:P dur:2 cpbdur:2 q:42.46 aq:40.63 tex:10039 mv:5276 misc:1413 imb:141 pmb:414 smb:1485 d:s ref:0 ;
in:960 out:960 type:P dur:2 cpbdur:2 q:42.47 aq:40.41 tex:6770 mv:4799 misc:1415 imb:101 pmb:418 smb:1521 d:s ref:0 ;
in:964 out:961 type:P dur:2 cpbdur:2 q:42.48 aq:40.46 tex:18502 mv:7816 misc:1298 imb:343 pmb:447 smb:1250 d:s ref:0 ;
in:962 out:962 type:B dur:2 cpbdur:2 q:42.48 aq:41.10 tex:7802 mv:5516 misc:1274 imb:68 pmb:449 smb:1523 d:s ref:0 ;
in:961 out:963 type:b dur:2 cpbdur:2 q:42.48 aq:42.48 tex:1849 mv:3115 misc:860 imb:22 pmb:250 smb:1768 d:s ref:0 ;
in:963 out:964 type:b dur:2 cpbdur:2 q:42.48 aq:40.95 tex:1471 mv:2597 misc:868 imb:20 pmb:245 smb:1775 d:- ref:0 ;
in:966 out:965 type:P dur:2 cpbdur:2 q:42.48 aq:40.73 tex:9551 mv:5653 misc:1524 imb:188 pmb:426 smb:1426 d:s ref:0 ;
in:965 out:966 type:b dur:2 cpbdur:2 q:42.48 aq:43.60 tex:1704 mv:2231 misc:929 imb:15 pmb:233 smb:1792 d:s ref:0 ;
in:970 out:967 type:P dur:2 cpbdur:2 q:42.48 aq:40.72 tex:12046 mv:5917 misc:1301 imb:244 pmb:390 smb:1406 d:s ref:0 ;
in:968 out:968 type:B dur:2 cpbdur:2 q:42.48 aq:42.97 tex:6337 mv:4529 misc:1134 imb:60 pmb:412 smb:1568 d:s ref:0 ;
in:967 out:969 type:b dur:2 cpbdur:2 q:42.48 aq:43.35 tex:1460 mv:2591 misc:949 imb:20 pmb:252 smb:1768 d:s ref:0 ;
in:969 out:970 type:b dur:2 cpbdur:2 q:42.48 aq:43.56 tex:1511 mv:2406 misc:915 imb:22 pmb:264 smb:1754 d:- ref:0 ;
in:974 out:971 type:P dur:2 cpbdur:2 q:42.44 aq:40.48 tex:12417 mv:6914 misc:1293 imb:263 pmb:425 smb:1352 d:s ref:0 ;
in:972 out:972 type:B dur:2 cpbdur:2 q:42.46 aq:42.49 tex:6599 mv:5144 misc:1185 imb:70 pmb:412 smb:1558 d:s ref:0 ;
in:971 out:973 type:b dur:2 cpbdur:2 q:42.47 aq:42.00 tex:1651 mv:2785 misc:1012 imb:21 pmb:284 smb:1735 d:s ref:0 ;
in:973 out:974 type:b dur:2 cpbdur:2 q:42.45 aq:43.22 tex:1558 mv:2378 misc:872 imb:19 pmb:223 smb:1798 d:- ref:0 ;
in:975 out:975 type:P dur:2 cpbdur:2 q:42.46 aq:40.28 tex:6713 mv:5187 misc:1436 imb:143 pmb:403 smb:1494 d:s ref:0 ;
in:976 out:976 type:P dur:2 cpbdur:2 q:42.45 aq:39.85 tex:4713 mv:4441 misc:1470 imb:124 pmb:371 smb:1545 d:s ref:0 ;
in:980 out:977 type:P dur:2 cpbdur:2 q:42.45 aq:39.78 tex:15893 mv:8301 misc:1238 imb:473 pmb:428 smb:1139 d:s ref:0 ;
in:978 out:978 type:B dur:2 cpbdur:2 q:42.45 aq:41.80 tex:8087 mv:6609 misc:1320 imb:85 pmb:517 smb:1438 d:s ref:0 ;
in:977 out:979 type:b dur:2 cpbdur:2 q:42.45 aq:42.73 tex:1887 mv:2966 misc:1123 imb:24 pmb:303 smb:1713 d:s ref:0 ;
in:979 out:980 type:b dur:2 cpbdur:2 q:42.45 aq:41.47 tex:1877 mv:2923 misc:1112 imb:27 pmb:276 smb:1737 d:- ref:0 ;
in:982 out:981 type:P dur:2 cpbdur:2 q:42.42 aq:41.79 tex:8667 mv:6350 misc:1439 imb:279 pmb:402 smb:1359 d:s ref:0 ;
in:981 out:982 type:b dur:2 cpbdur:2 q:42.43 aq:41.62 tex:2499 mv:3222 misc:1167 imb:38 pmb:304 smb:1698 d:s ref:0 ;
in:983 out:983 type:I dur:2 cpbdur:2 q:39.44 aq:33.60 tex:51388 mv:18820 misc:184 imb:2040 pmb:0 smb:0 d:s ref:;
in:985 out:984 type:P dur:2 cpbdur:2 q:42.55 aq:37.06 tex:8810 mv:4151 misc:1095 imb:223 pmb:257 smb:1560 d:s ref:0 ;
in:984 out:985 type:b dur:2 cpbdur:2 q:42.55 aq:41.38 tex:904 mv:2213 misc:843 imb:24 pmb:220 smb:1796 d:s ref:0 ;
in:986 out:986 type:P dur:2 cpbdur:2 q:42.52 aq:38.76 tex:5375 mv:3872 misc:1249 imb:170 pmb:299 smb:1571 d:s ref:0 ;
in:987 out:987 type:P dur:2 cpbdur:2 q:42.52 aq:38.42 tex:3083 mv:3013 misc:1144 imb:94 pmb:267 smb:1679 d:s ref:0 ;
in:988 out:988 type:P dur:2 cpbdur:2 q:42.52 aq:36.85 tex:5161 mv:4100 misc:1267 imb:187 pmb:321 smb:1532 d:s ref:0 ;
in:990 out:989 type:P dur:2 cpbdur:2 q:42.56 aq:37.94 tex:6850 mv:4072 misc:1278 imb:218 pmb:315 smb:1507 d:s ref:0 ;
in:989 out:990 type:b dur:2 cpbdur:2 q:42.54 aq:35.36 tex:521 mv:1475 misc:620 imb:25 pmb:113 smb:1902 d:s ref:0 ;
in:992 out:991 type:P dur:2 cpbdur:2 q:42.59 aq:36.53 tex:6554 mv:4591 misc:1447 imb:197 pmb:350 smb:1493 d:s ref:0 ;
in:991 out:992 type:b dur:2 cpbdur:2 q:42.57 aq:38.64 tex:620 mv:1793 misc:731 imb:15 pmb:152 smb:1873 d:s ref:0 ;
in:994 out:993 type:P dur:2 cpbdur:2 q:42.60 aq:39.50 tex:5402 mv:3913 misc:1277 imb:165 pmb:296 smb:1579 d:s ref:0 ;
in:993 out:994 type:b dur:2 cpbdur:2 q:42.59 aq:36.48 tex:648 mv:1672 misc:680 imb:16 pmb:152 smb:1872 d:s ref:0 ;
in:996 out:995 type:P dur:2 cpbdur:2 q:42.65 aq:37.21 tex:5805 mv:3842 misc:1321 imb:194 pmb:298 smb:1548 d:s ref:0 ;
in:995 out:996 type:b dur:2 cpbdur:2 q:42.62 aq:40.09 tex:822 mv:1829 misc:685 imb:20 pmb:156 smb:1864 d:s ref:0 ;
in:997 out:997 type:P dur:2 cpbdur:2 q:42.65 aq:36.59 tex:3503 mv:2605 misc:1060 imb:92 pmb:220 smb:1728 d:s ref:0 ;
in:998 out:998 type:P dur:2 cpbdur:2 q:42.65 aq:38.28 tex:4353 mv:3015 misc:1160 imb:129 pmb:238 smb:1673 d:s ref:0 ;
in:999 out:999 type:P dur:2 cpbdur:2 q:42.64 aq:36.93 tex:3132 mv:2449 misc:1059 imb:88 pmb:213 smb:1739 d:s ref:0 ;
in:1000 out:1000 type:P dur:2 cpbdur:2 q:42.64 aq:38.17 tex:5289 mv:3206 misc:1201 imb:131 pmb:259 smb:1650 d:s ref:0 ;
in:1001 out:1001 type:P dur:2 cpbdur:2 q:42.62 aq:38.20 tex:4933 mv:3206 misc:1229 imb:122 pmb:275 smb:1643 d:s ref:0 ;
in:1003 out:1002 type:P dur:2 cpbdur:2 q:42.61 aq:38.68 tex:7067 mv:3916 misc:1233 imb:211 pmb:275 smb:1554 d:s ref:0 ;
in:1002 out:1003 type:b dur:2 cpbdur:2 q:42.62 aq:40.69 tex:628 mv:1439 misc:661 imb:15 pmb:156 smb:1869 d:s ref:0 ;
in:1005 out:1004 type:P dur:2 cpbdur:2 q:42.58 aq:37.60 tex:6140 mv:3634 misc:1194 imb:169 pmb:279 smb:1592 d:s ref:0 ;
in:1004 out:1005 type:b dur:2 cpbdur:2 q:42.60 aq:40.98 tex:930 mv:1750 misc:744 imb:27 pmb:176 smb:1837 d:s ref:0 ;
in:1006 out:1006 type:P dur:2 cpbdur:2 q:42.55 aq:38.25 tex:5822 mv:3363 misc:1175 imb:138 pmb:260 smb:1642 d:s ref:0 ;
in:1007 out:1007 type:P dur:2 cpbdur:2 q:42.53 aq:38.71 tex:2933 mv:2637 misc:1118 imb:86 pmb:228 smb:1726 d:s ref:0 ;
in:1008 out:1008 type:P dur:2 cpbdur:2 q:42.51 aq:38.29 tex:5284 mv:3905 misc:1363 imb:193 pmb:308 smb:1539 d:s ref:0 ;
in:1009 out:1009 type:P dur:2 cpbdur:2 q:42.50 aq:38.46 tex:6333 mv:3873 misc:1250 imb:174 pmb:308 smb:1558 d:s ref:0 ;
in:1010 out:1010 type:P dur:2 cpbdur:2 q:42.49 aq:39.25 tex:5294 mv:3596 misc:1206 imb:149 pmb:276 smb:1615 d:s ref:0 ;
in:1011 out:1011 type:P dur:2 cpbdur:2 q:42.48 aq:38.18 tex:4065 mv:3304 misc:1279 imb:115 pmb:257 smb:1668 d:s ref:0 ;
in:1013 out:1012 type:P dur:2 cpbdur:2 q:42.47 aq:37.29 tex:6444 mv:4152 misc:1236 imb:198 pmb:265 smb:1577 d:s ref:0 ;
in:1012 out:1013 type:b dur:2 cpbdur:2 q:42.47 aq:39.56 tex:1003 mv:1813 misc:760 imb:25 pmb:181 smb:1834 d:s ref:0 ;
in:1014 out:1014 type:P dur:2 cpbdur:2 q:42.45 aq:38.55 tex:6587 mv:3694 misc:1191 imb:175 pmb:267 smb:1598 d:s ref:0 ;
in:1015 out:1015 type:P dur:2 cpbdur:2 q:42.44 aq:39.40 tex:3197 mv:3214 misc:1181 imb:127 pmb:251 smb:1662 d:s ref:0 ;
in:1016 out:1016 type:P dur:2 cpbdur:2 q:42.43 aq:38.57 tex:4416 mv:3545 misc:1151 imb:139 pmb:254 smb:1647 d:s ref:0 ;
in:1018 out:1017 type:P dur:2 cpbdur:2 q:42.42 aq:38.15 tex:5119 mv:3516 misc:1117 imb:168 pmb:234 smb:1638 d:s ref:0 ;
in:1017 out:1018 type:b dur:2 cpbdur:2 q:42.43 aq:37.76 tex:1161 mv:1995 misc:804 imb:31 pmb:187 smb:1822 d:s ref:0 ;
in:1019 out:1019 type:P dur:2 cpbdur:2 q:42.41 aq:37.52 tex:4086 mv:2619 misc:1015 imb:124 pmb:194 smb:1722 d:s ref:0 ;
in:1020 out:1020 type:P dur:2 cpbdur:2 q:42.41 aq:38.29 tex:4240 mv:2864 misc:952 imb:144 pmb:173 smb:1723 d:s ref:0 ;
in:1021 out:1021 type:P dur:2 cpbdur:2 q:42.41 aq:38.65 tex:3573 mv:2575 misc:996 imb:110 pmb:194 smb:1736 d:s ref:0 ;
in:1022 out:1022 type:P dur:2 cpbdur:2 q:42.41 aq:36.92 tex:4043 mv:2916 misc:1057 imb:154 pmb:192 smb:1694 d:s ref:0 ;
in:1023 out:1023 type:P dur:2 cpbdur:2 q:42.41 aq:40.05 tex:3638 mv:2676 misc:1054 imb:121 pmb:193 smb:1726 d:s ref:0 ;
in:1024 out:1024 type:P dur:2 cpbdur:2 q:42.41 aq:38.89 tex:4313 mv:3076 misc:1091 imb:150 pmb:203 smb:1687 d:s ref:0 ;
in:1026 out:1025 type:P dur:2 cpbdur:2 q:42.40 aq:35.10 tex:8232 mv:3740 misc:1124 imb:264 pmb:251 smb:1525 d:s ref:0 ;
in:1025 out:1026 type:b dur:2 cpbdur:2 q:42.41 aq:40.86 tex:1443 mv:2254 misc:855 imb:47 pmb:204 smb:1789 d:s ref:0 ;
in:1027 out:1027 type:P dur:2 cpbdur:2 q:42.40 aq:40.11 tex:2351 mv:1997 misc:948 imb:110 pmb:133 smb:1797 d:s ref:0 ;
in:1028 out:1028 type:I dur:2 cpbdur:2 q:39.55 aq:34.82 tex:67952 mv:26530 misc:174 imb:2040 pmb:0 smb:0 d:s ref:;
in:1029 out:1029 type:P dur:2 cpbdur:2 q:42.55 aq:37.32 tex:2324 mv:2601 misc:859 imb:84 pmb:186 smb:1770 d:s ref:0 ;
in:1030 out:1030 type:P dur:2 cpbdur:2 q:42.54 aq:36.03 tex:2482 mv:2705 misc:1037 imb:102 pmb:220 smb:1718 d:s ref:0 ;
in:1031 out:1031 type:P dur:2 cpbdur:2 q:42.53 aq:36.62 tex:3497 mv:2983 misc:1032 imb:102 pmb:232 smb:1706 d:s ref:0 ;
in:1032 out:1032 type:P dur:2 cpbdur:2 q:42.52 aq:36.59 tex:2940 mv:3185 misc:1171 imb:99 pmb:278 smb:1663 d:s ref:0 ;
in:1033 out:1033 type:P dur:2 cpbdur:2 q:42.51 aq:39.92 tex:3621 mv:3537 misc:1186 imb:112 pmb:286 smb:1642 d:s ref:0 ;
in:1034 out:1034 type:P dur:2 cpbdur:2 q:42.50 aq:35.19 tex:3209 mv:3438 misc:1249 imb:121 pmb:294 smb:1625 d:s ref:0 ;
in:1035 out:1035 type:P dur:2 cpbdur:2 q:42.48 aq:39.93 tex:5257 mv:4210 misc:1285 imb:174 pmb:327 smb:1539 d:s ref:0 ;
in:1036 out:1036 type:P dur:2 cpbdur:2 q:42.48 aq:38.91 tex:3044 mv:3022 misc:1198 imb:94 pmb:270 smb:1676 d:s ref:0 ;
in:1037 out:1037 type:P dur:2 cpbdur:2 q:42.47 aq:38.21 tex:3045 mv:3700 misc:1239 imb:155 pmb:285 smb:1600 d:s ref:0 ;
in:1038 out:1038 type:P dur:2 cpbdur:2 q:42.46 aq:37.66 tex:4643 mv:3920 misc:1389 imb:163 pmb:328 smb:1549 d:s ref:0 ;
in:1039 out:1039 type:P dur:2 cpbdur:2 q:42.45 aq:38.15 tex:3556 mv:4151 misc:1309 imb:160 pmb:324 smb:1556 d:s ref:0 ;
in:1040 out:1040 type:P dur:2 cpbdur:2 q:42.50 aq:37.69 tex:5784 mv:4188 misc:1388 imb:216 pmb:321 smb:1503 d:s ref:0 ;
in:1041 out:1041 type:P dur:2 cpbdur:2 q:42.48 aq:38.34 tex:4216 mv:4050 misc:1270 imb:146 pmb:329 smb:1565 d:s ref:0 ;
in:1042 out:1042 type:P dur:2 cpbdur:2 q:42.47 aq:38.87 tex:5222 mv:3728 misc:1266 imb:135 pmb:321 smb:1584 d:s ref:0 ;
in:1043 out:1043 type:P dur:2 cpbdur:2 q:42.45 aq:39.72 tex:4432 mv:4058 misc:1350 imb:122 pmb:356 smb:1562 d:s ref:0 ;
in:1044 out:1044 type:P dur:2 cpbdur:2 q:42.44 aq:38.85 tex:4192 mv:3374 misc:1314 imb:145 pmb:295 smb:1600 d:s ref:0 ;
in:1045 out:1045 type:P dur:2 cpbdur:2 q:42.43 aq:40.63 tex:5201 mv:4277 misc:1362 imb:130 pmb:388 smb:1522 d:s ref:0 ;
in:1046 out:1046 type:P dur:2 cpbdur:2 q:42.43 aq:36.80 tex:5424 mv:4257 misc:1423 imb:173 pmb:336 smb:1531 d:s ref:0 ;
in:1047 out:1047 type:P dur:2 cpbdur:2 q:42.43 aq:40.44 tex:3672 mv:2982 misc:1218 imb:101 pmb:298 smb:1641 d:s ref:0 ;
in:1048 out:1048 type:P dur:2 cpbdur:2 q:42.42 aq:38.97 tex:5474 mv:3245 misc:1281 imb:139 pmb:303 smb:1598 d:s ref:0 ;
in:1049 out:1049 type:P dur:2 cpbdur:2 q:42.41 aq:37.42 tex:4218 mv:3393 misc:1301 imb:129 pmb:290 smb:1621 d:s ref:0 ;
in:1050 out:1050 type:P dur:2 cpbdur:2 q:42.41 aq:37.52 tex:3284 mv:3414 misc:1318 imb:131 pmb:296 smb:1613 d:s ref:0 ;
in:1051 out:1051 type:P dur:2 cpbdur:2 q:42.41 aq:39.28 tex:3101 mv:3484 misc:1311 imb:160 pmb:286 smb:1594 d:s ref:0 ;
in:1052 out:1052 type:P dur:2 cpbdur:2 q:42.41 aq:38.43 tex:3462 mv:3055 misc:1307 imb:153 pmb:280 smb:1607 d:s ref:0 ;
in:1053 out:1053 type:P dur:2 cpbdur:2 q:42.41 aq:37.39 tex:6593 mv:3953 misc:1358 imb:172 pmb:356 smb:1512 d:s ref:0 ;
in:1054 out:1054 type:P dur:2 cpbdur:2 q:42.43 aq:39.05 tex:3534 mv:3563 misc:1287 imb:131 pmb:314 smb:1595 d:s ref:0 ;
in:1055 out:1055 type:P dur:2 cpbdur:2 q:42.43 aq:37.96 tex:4120 mv:3631 misc:1329 imb:144 pmb:299 smb:1597 d:s ref:0 ;
in:1056 out:1056 type:P dur:2 cpbdur:2 q:42.43 aq:36.89 tex:3172 mv:2790 misc:1150 imb:87 pmb:295 smb:1658 d:s ref:0 ;
in:1057 out:1057 type:P dur:2 cpbdur:2 q:42.43 aq:39.33 tex:4981 mv:4088 misc:1363 imb:168 pmb:357 smb:1515 d:s ref:0 ;
in:1058 out:1058 type:P dur:2 cpbdur:2 q:42.44 aq:38.26 tex:7229 mv:3904 misc:1211 imb:148 pmb:354 smb:1538 d:s ref:0 ;
in:1059 out:1059 type:P dur:2 cpbdur:2 q:42.44 aq:38.80 tex:4940 mv:4068 misc:1368 imb:124 pmb:362 smb:1554 d:s ref:0 ;
in:1060 out:1060 type:P dur:2 cpbdur:2 q:42.44 aq:35.53 tex:3916 mv:3471 misc:1285 imb:107 pmb:316 smb:1617 d:s ref:0 ;
in:1061 out:1061 type:P dur:2 cpbdur:2 q:42.44 aq:37.71 tex:7170 mv:5120 misc:1454 imb:193 pmb:450 smb:1397 d:s ref:0 ;
in:1062 out:1062 type:P dur:2 cpbdur:2 q:42.44 aq:38.42 tex:4202 mv:3269 misc:1265 imb:116 pmb:310 smb:1614 d:s ref:0 ;
in:1063 out:1063 type:P dur:2 cpbdur:2 q:42.43 aq:36.88 tex:5490 mv:3564 misc:1298 imb:150 pmb:316 smb:1574 d:s ref:0 ;
in:1064 out:1064 type:P dur:2 cpbdur:2 q:42.43 aq:36.50 tex:3978 mv:3463 misc:1359 imb:141 pmb:294 smb:1605 d:s ref:0 ;
in:1065 out:1065 type:P dur:2 cpbdur:2 q:42.42 aq:38.78 tex:5635 mv:3995 misc:1338 imb:176 pmb:313 smb:1551 d:s ref:0 ;
in:1066 out:1066 type:P dur:2 cpbdur:2 q:42.42 aq:38.81 tex:4904 mv:3307 misc:1253 imb:132 pmb:288 smb:1620 d:s ref:0 ;
in:1067 out:1067 type:P dur:2 cpbdur:2 q:42.41 aq:40.17 tex:9609 mv:4511 misc:1312 imb:206 pmb:346 smb:1488 d:s ref:0 ;
in:1068 out:1068 type:P dur:2 cpbdur:2 q:42.41 aq:39.02 tex:4773 mv:3117 misc:1190 imb:89 pmb:299 smb:1652 d:s ref:0 ;
in:1069 out:1069 type:P dur:2 cpbdur:2 q:42.40 aq:38.48 tex:7911 mv:3910 misc:1267 imb:129 pmb:352 smb:1559 d:s ref:0 ;
in:1071 out:1070 type:P dur:2 cpbdur:2 q:42.41 aq:38.74 tex:7956 mv:4916 misc:1312 imb:161 pmb:386 smb:1493 d:s ref:0 ;
in:1070 out:1071 type:b dur:2 cpbdur:2 q:42.40 aq:43.44 tex:951 mv:1588 misc:789 imb:20 pmb:169 smb:1851 d:s ref:0 ;
in:1073 out:1072 type:P dur:2 cpbdur:2 q:42.41 aq:39.79 tex:8872 mv:5242 misc:1318 imb:182 pmb:407 smb:1451 d:s ref:0 ;
in:1072 out:1073 type:b dur:2 cpbdur:2 q:42.41 aq:40.86 tex:498 mv:1481 misc:701 imb:21 pmb:128 smb:1891 d:s ref:0 ;
in:1074 out:1074 type:P dur:2 cpbdur:2 q:42.42 aq:38.14 tex:5166 mv:3887 misc:1339 imb:141 pmb:315 smb:1584 d:s ref:0 ;
in:1075 out:1075 type:P dur:2 cpbdur:2 q:42.42 aq:39.28 tex:4786 mv:4144 misc:1342 imb:115 pmb:335 smb:1590 d:s ref:0 ;
in:1076 out:1076 type:P dur:2 cpbdur:2 q:42.42 aq:38.75 tex:3638 mv:3416 misc:1338 imb:162 pmb:258 smb:1620 d:s ref:0 ;
in:1077 out:1077 type:P dur:2 cpbdur:2 q:42.42 aq:36.12 tex:3880 mv:4028 misc:1324 imb:160 pmb:315 smb:1565 d:s ref:0 ;
in:1078 out:1078 type:P dur:2 cpbdur:2 q:42.42 aq:35.22 tex:4308 mv:3167 misc:1253 imb:150 pmb:271 smb:1619 d:s ref:0 ;
in:1079 out:1079 type:P dur:2 cpbdur:2 q:42.43 aq:38.21 tex:4524 mv:3735 misc:1197 imb:160 pmb:293 smb:1587 d:s ref:0 ;
in:1080 out:1080 type:P dur:2 cpbdur:2 q:42.43 aq:38.98 tex:3781 mv:2888 misc:1227 imb:136 pmb:269 smb:1635 d:s ref:0 ;
in:1081 out:1081 type:P dur:2 cpbdur:2 q:42.44 aq:38.00 tex:9107 mv:4926 misc:1391 imb:234 pmb:403 smb:1403 d:s ref:0 ;
in:1083 out:1082 type:P dur:2 cpbdur:2 q:42.44 aq:40.44 tex:5624 mv:4103 misc:1385 imb:146 pmb:357 smb:1537 d:s ref:0 ;
in:1082 out:1083 type:b dur:2 cpbdur:2 q:42.44 aq:38.75 tex:701 mv:1750 misc:765 imb:38 pmb:159 smb:1843 d:s ref:0 ;
in:1084 out:1084 type:P dur:2 cpbdur:2 q:42.42 aq:38.33 tex:4305 mv:3256 misc:1303 imb:140 pmb:274 smb:1626 d:s ref:0 ;
in:1085 out:1085 type:P dur:2 cpbdur:2 q:42.41 aq:38.21 tex:4369 mv:3559 misc:1336 imb:119 pmb:322 smb:1599 d:s ref:0 ;
in:1086 out:1086 type:P dur:2 cpbdur:2 q:42.40 aq:38.10 tex:2916 mv:3249 misc:1283 imb:98 pmb:286 smb:1656 d:s ref:0 ;
in:1087 out:1087 type:P dur:2 cpbdur:2 q:42.40 aq:40.97 tex:4913 mv:3430 misc:1289 imb:132 pmb:293 smb:1615 d:s ref:0 ;
in:1088 out:1088 type:P dur:2 cpbdur:2 q:42.39 aq:36.72 tex:2880 mv:2826 misc:1246 imb:109 pmb:277 smb:1654 d:s ref:0 ;
in:1089 out:1089 type:P dur:2 cpbdur:2 q:42.38 aq:40.26 tex:5340 mv:3536 misc:1276 imb:113 pmb:343 smb:1584 d:s ref:0 ;
in:1090 out:1090 type:P dur:2 cpbdur:2 q:42.38 aq:40.16 tex:3926 mv:2796 misc:1294 imb:119 pmb:268 smb:1653 d:s ref:0 ;
in:1091 out:1091 type:P dur:2 cpbdur:2 q:42.37 aq:38.75 tex:3916 mv:3328 misc:1284 imb:162 pmb:299 smb:1579 d:s ref:0 ;
in:1092 out:1092 type:P dur:2 cpbdur:2 q:42.36 aq:35.93 tex:3427 mv:2745 misc:1228 imb:139 pmb:243 smb:1658 d:s ref:0 ;
in:1093 out:1093 type:P dur:2 cpbdur:2 q:42.36 aq:38.72 tex:3862 mv:3679 misc:1299 imb:175 pmb:298 smb:1567 d:s ref:0 ;
in:1094 out:1094 type:P dur:2 cpbdur:2 q:42.36 aq:38.51 tex:6952 mv:4808 misc:1480 imb:247 pmb:375 smb:1418 d:s ref:0 ;
in:1095 out:1095 type:P dur:2 cpbdur:2 q:42.35 aq:39.40 tex:4657 mv:3893 misc:1282 imb:190 pmb:320 smb:1530 d:s ref:0 ;
in:1096 out:1096 type:P dur:2 cpbdur:2 q:42.34 aq:40.15 tex:3959 mv:3256 misc:1257 imb:146 pmb:277 smb:1617 d:s ref:0 ;
in:1097 out:1097 type:P dur:2 cpbdur:2 q:42.33 aq:39.46 tex:4993 mv:3942 misc:1297 imb:193 pmb:328 smb:1519 d:s ref:0 ;
in:1098 out:1098 type:P dur:2 cpbdur:2 q:42.32 aq:39.96 tex:3961 mv:3764 misc:1347 imb:148 pmb:326 smb:1566 d:s ref:0 ;
in:1099 out:1099 type:P dur:2 cpbdur:2 q:42.31 aq:38.29 tex:5210 mv:3496 misc:1278 imb:189 pmb:274 smb:1577 d:s ref:0 ;
in:1101 out:1100 type:P dur:2 cpbdur:2 q:42.31 aq:40.04 tex:9174 mv:5352 misc:1490 imb:293 pmb:374 smb:1373 d:s ref:0 ;
in:1100 out:1101 type:b dur:2 cpbdur:2 q:42.31 aq:40.80 tex:2741 mv:2989 misc:1222 imb:84 pmb:323 smb:1633 d:s ref:0 ;
in:1102 out:1102 type:P dur:2 cpbdur:2 q:42.31 aq:40.78 tex:5791 mv:3500 misc:1261 imb:165 pmb:306 smb:1569 d:s ref:0 ;
in:1103 out:1103 type:P dur:2 cpbdur:2 q:42.30 aq:38.85 tex:7447 mv:4666 misc:1359 imb:212 pmb:359 smb:1469 d:s ref:0 ;
in:1104 out:1104 type:P dur:2 cpbdur:2 q:42.30 aq:36.33 tex:3337 mv:2977 misc:1254 imb:156 pmb:228 smb:1656 d:s ref:0 ;
in:1105 out:1105 type:P dur:2 cpbdur:2 q:42.28 aq:39.93 tex:3133 mv:2928 misc:1083 imb:151 pmb:194 smb:1695 d:s ref:0 ;
in:1106 out:1106 type:I dur:2 cpbdur:2 q:39.45 aq:32.16 tex:94750 mv:32261 misc:149 imb:2040 pmb:0 smb:0 d:s ref:;
in:1110 out:1107 type:P dur:2 cpbdur:2 q:42.51 aq:33.65 tex:3627 mv:2850 misc:1267 imb:110 pmb:231 smb:1699 d:s ref:0 ;
in:1108 out:1108 type:B dur:2 cpbdur:2 q:42.51 aq:39.43 tex:597 mv:2118 misc:1349 imb:8 pmb:350 smb:1682 d:t ref:0 ;
in:1107 out:1109 type:b dur:2 cpbdur:2 q:42.51 aq:42.87 tex:867 mv:2668 misc:1313 imb:3 pmb:329 smb:1708 d:s ref:0 ;
in:1109 out:1110 type:b dur:2 cpbdur:2 q:42.51 aq:43.19 tex:225 mv:1134 misc:729 imb:0 pmb:120 smb:1920 d:- ref:0 ;
in:1114 out:1111 type:P dur:2 cpbdur:2 q:42.48 aq:33.73 tex:4359 mv:3127 misc:1322 imb:120 pmb:258 smb:1662 d:s ref:0 ;
in:1112 out:1112 type:B dur:2 cpbdur:2 q:42.49 aq:42.27 tex:881 mv:1945 misc:1246 imb:5 pmb:323 smb:1712 d:t ref:0 ;
in:1111 out:1113 type:b dur:2 cpbdur:2 q:42.50 aq:43.32 tex:937 mv:2693 misc:1370 imb:6 pmb:341 smb:1693 d:s ref:0 ;
in:1113 out:1114 type:b dur:2 cpbdur:2 q:42.49 aq:43.00 tex:307 mv:1374 misc:807 imb:0 pmb:147 smb:1893 d:- ref:0 ;
in:1118 out:1115 type:P dur:2 cpbdur:2 q:42.46 aq:35.41 tex:4147 mv:2930 misc:1251 imb:111 pmb:227 smb:1702 d:s ref:0 ;
in:1116 out:1116 type:B dur:2 cpbdur:2 q:42.47 aq:40.08 tex:941 mv:2186 misc:1393 imb:9 pmb:360 smb:1671 d:t ref:0 ;
in:1115 out:1117 type:b dur:2 cpbdur:2 q:42.47 aq:42.49 tex:703 mv:2750 misc:1235 imb:6 pmb:293 smb:1741 d:s ref:0 ;
in:1117 out:1118 type:b dur:2 cpbdur:2 q:42.46 aq:43.76 tex:353 mv:1228 misc:755 imb:1 pmb:128 smb:1911 d:- ref:0 ;
in:1122 out:1119 type:P dur:2 cpbdur:2 q:42.49 aq:35.42 tex:4484 mv:3219 misc:1337 imb:119 pmb:265 smb:1656 d:s ref:0 ;
in:1120 out:1120 type:B dur:2 cpbdur:2 q:42.47 aq:40.29 tex:981 mv:2296 misc:1235 imb:8 pmb:305 smb:1727 d:t ref:0 ;
in:1119 out:1121 type:b dur:2 cpbdur:2 q:42.46 aq:41.00 tex:759 mv:2604 misc:1309 imb:9 pmb:311 smb:1720 d:s ref:0 ;
in:1121 out:1122 type:b dur:2 cpbdur:2 q:42.48 aq:42.98 tex:285 mv:1121 misc:714 imb:1 pmb:114 smb:1925 d:- ref:0 ;
in:1126 out:1123 type:P dur:2 cpbdur:2 q:42.42 aq:35.54 tex:4872 mv:3254 misc:1394 imb:131 pmb:276 smb:1633 d:s ref:0 ;
in:1124 out:1124 type:B dur:2 cpbdur:2 q:42.45 aq:40.56 tex:1083 mv:2042 misc:1411 imb:6 pmb:378 smb:1656 d:t ref:0 ;
in:1123 out:1125 type:b dur:2 cpbdur:2 q:42.47 aq:41.20 tex:794 mv:3072 misc:1382 imb:4 pmb:367 smb:1669 d:s ref:0 ;
in:1125 out:1126 type:b dur:2 cpbdur:2 q:42.44 aq:41.94 tex:187 mv:1047 misc:702 imb:0 pmb:117 smb:1923 d:- ref:0 ;
in:1130 out:1127 type:P dur:2 cpbdur:2 q:42.34 aq:35.28 tex:5125 mv:3381 misc:1326 imb:146 pmb:253 smb:1641 d:s ref:0 ;
in:1128 out:1128 type:B dur:2 cpbdur:2 q:42.38 aq:40.88 tex:1247 mv:2416 misc:1321 imb:11 pmb:326 smb:1703 d:t ref:0 ;
in:1127 out:1129 type:b dur:2 cpbdur:2 q:42.40 aq:42.92 tex:961 mv:2600 misc:1287 imb:11 pmb:302 smb:1727 d:s ref:0 ;
in:1129 out:1130 type:b dur:2 cpbdur:2 q:42.36 aq:42.30 tex:317 mv:1095 misc:668 imb:2 pmb:109 smb:1929 d:- ref:0 ;
in:1134 out:1131 type:P dur:2 cpbdur:2 q:42.28 aq:36.19 tex:4244 mv:3647 misc:1533 imb:117 pmb:322 smb:1601 d:s ref:0 ;
in:1132 out:1132 type:B dur:2 cpbdur:2 q:42.31 aq:40.79 tex:994 mv:2273 misc:1349 imb:5 pmb:341 smb:1694 d:t ref:0 ;
in:1131 out:1133 type:b dur:2 cpbdur:2 q:42.33 aq:41.22 tex:1053 mv:2545 misc:1274 imb:6 pmb:313 smb:1721 d:s ref:0 ;
in:1133 out:1134 type:b dur:2 cpbdur:2 q:42.30 aq:41.02 tex:280 mv:847 misc:625 imb:0 pmb:98 smb:1942 d:- ref:0 ;
in:1138 out:1135 type:P dur:2 cpbdur:2 q:42.22 aq:36.26 tex:4054 mv:3355 misc:1383 imb:141 pmb:263 smb:1636 d:s ref:0 ;
in:1136 out:1136 type:B dur:2 cpbdur:2 q:42.25 aq:39.96 tex:1052 mv:2530 misc:1394 imb:10 pmb:356 smb:1674 d:t ref:0 ;
in:1135 out:1137 type:b dur:2 cpbdur:2 q:42.26 aq:41.92 tex:624 mv:2394 misc:1230 imb:3 pmb:288 smb:1749 d:s ref:0 ;
in:1137 out:1138 type:b dur:2 cpbdur:2 q:42.23 aq:42.26 tex:325 mv:990 misc:669 imb:0 pmb:112 smb:1928 d:- ref:0 ;
in:1142 out:1139 type:P dur:2 cpbdur:2 q:42.15 aq:37.18 tex:3330 mv:3071 misc:1247 imb:155 pmb:207 smb:1678 d:s ref:0 ;
in:1140 out:1140 type:B dur:2 cpbdur:2 q:42.19 aq:39.30 tex:971 mv:2844 misc:1417 imb:9 pmb:361 smb:1670 d:t ref:0 ;
in:1139 out:1141 type:b dur:2 cpbdur:2 q:42.20 aq:42.12 tex:723 mv:2301 misc:1168 imb:6 pmb:264 smb:1770 d:s ref:0 ;
in:1141 out:1142 type:b dur:2 cpbdur:2 q:42.17 aq:41.69 tex:322 mv:983 misc:623 imb:1 pmb:98 smb:1941 d:- ref:0 ;
in:1144 out:1143 type:P dur:2 cpbdur:2 q:42.08 aq:38.48 tex:2117 mv:3067 misc:1272 imb:116 pmb:230 smb:1694 d:s ref:0 ;
in:1143 out:1144 type:b dur:2 cpbdur:2 q:42.12 aq:42.61 tex:778 mv:2029 misc:1185 imb:3 pmb:277 smb:1760 d:t ref:0 ;
in:1145 out:1145 type:I dur:2 cpbdur:2 q:39.40 aq:33.86 tex:42730 mv:15744 misc:190 imb:2040 pmb:0 smb:0 d:s ref:;
in:1149 out:1146 type:P dur:2 cpbdur:2 q:42.11 aq:37.26 tex:7886 mv:4635 misc:1175 imb:184 pmb:338 smb:1518 d:s ref:0 ;
in:1147 out:1147 type:B dur:2 cpbdur:2 q:42.11 aq:40.69 tex:1846 mv:1787 misc:687 imb:9 pmb:182 smb:1849 d:s ref:0 ;
in:1146 out:1148 type:b dur:2 cpbdur:2 q:42.11 aq:43.60 tex:1237 mv:1227 misc:560 imb:2 pmb:132 smb:1906 d:s ref:0 ;
in:1148 out:1149 type:b dur:2 cpbdur:2 q:42.11 aq:42.75 tex:572 mv:671 misc:389 imb:1 pmb:68 smb:1971 d:- ref:0 ;
in:1153 out:1150 type:P dur:2 cpbdur:2 q:42.05 aq:36.42 tex:9629 mv:5242 misc:1241 imb:207 pmb:354 smb:1479 d:s ref:0 ;
in:1151 out:1151 type:B dur:2 cpbdur:2 q:42.08 aq:42.15 tex:1902 mv:1977 misc:713 imb:7 pmb:196 smb:1837 d:t ref:0 ;
in:1150 out:1152 type:b dur:2 cpbdur:2 q:42.10 aq:42.84 tex:935 mv:1021 misc:476 imb:0 pmb:100 smb:1940 d:s ref:0 ;
in:1152 out:1153 type:b dur:2 cpbdur:2 q:42.07 aq:40.62 tex:674 mv:671 misc:431 imb:3 pmb:67 smb:1970 d:- ref:0 ;
in:1157 out:1154 type:P dur:2 cpbdur:2 q:42.00 aq:35.46 tex:13533 mv:4738 misc:1329 imb:198 pmb:343 smb:1499 d:s ref:0 ;
in:1155 out:1155 type:B dur:2 cpbdur:2 q:42.03 aq:41.54 tex:2136 mv:1954 misc:646 imb:5 pmb:170 smb:1865 d:t ref:0 ;
in:1154 out:1156 type:b dur:2 cpbdur:2 q:42.04 aq:44.70 tex:786 mv:1194 misc:484 imb:2 pmb:101 smb:1937 d:s ref:0 ;
in:1156 out:1157 type:b dur:2 cpbdur:2 q:42.01 aq:42.41 tex:867 mv:791 misc:382 imb:0 pmb:66 smb:1974 d:- ref:0 ;
in:1161 out:1158 type:P dur:2 cpbdur:2 q:42.04 aq:36.47 tex:5959 mv:3373 misc:1156 imb:102 pmb:291 smb:1647 d:s ref:0 ;
in:1159 out:1159 type:B dur:2 cpbdur:2 q:42.02 aq:42.21 tex:1343 mv:871 misc:562 imb:2 pmb:115 smb:1923 d:s ref:0 ;
in:1158 out:1160 type:b dur:2 cpbdur:2 q:42.01 aq:42.41 tex:411 mv:649 misc:380 imb:0 pmb:66 smb:1974 d:s ref:0 ;
in:1160 out:1161 type:b dur:2 cpbdur:2 q:42.03 aq:42.18 tex:161 mv:103 misc:272 imb:0 pmb:19 smb:2021 d:- ref:0 ;
in:1165 out:1162 type:P dur:2 cpbdur:2 q:41.99 aq:35.50 tex:5945 mv:3583 misc:1192 imb:114 pmb:319 smb:1607 d:s ref:0 ;
in:1163 out:1163 type:B dur:2 cpbdur:2 q:42.01 aq:39.86 tex:836 mv:1008 misc:636 imb:0 pmb:130 smb:1910 d:s ref:0 ;
in:1162 out:1164 type:b dur:2 cpbdur:2 q:42.03 aq:41.40 tex:157 mv:462 misc:333 imb:0 pmb:39 smb:2001 d:s ref:0 ;
in:1164 out:1165 type:b dur:2 cpbdur:2 q:42.00 aq:45.13 tex:91 mv:137 misc:252 imb:0 pmb:15 smb:2025 d:- ref:0 ;
in:1169 out:1166 type:P dur:2 cpbdur:2 q:41.95 aq:36.51 tex:4422 mv:3568 misc:1082 imb:109 pmb:293 smb:1638 d:s ref:0 ;
in:1167 out:1167 type:B dur:2 cpbdur:2 q:41.97 aq:39.88 tex:738 mv:696 misc:558 imb:3 pmb:102 smb:1935 d:s ref:0 ;
in:1166 out:1168 type:b dur:2 cpbdur:2 q:41.98 aq:41.86 tex:224 mv:509 misc:403 imb:0 pmb:48 smb:1992 d:s ref:0 ;
in:1168 out:1169 type:b dur:2 cpbdur:2 q:41.96 aq:40.00 tex:2 mv:45 misc:193 imb:0 pmb:5 smb:2035 d:- ref:0 ;
in:1173 out:1170 type:P dur:2 cpbdur:2 q:41.88 aq:36.01 tex:5688 mv:3965 misc:1283 imb:163 pmb:323 smb:1554 d:s ref:0 ;
in:1171 out:1171 type:B dur:2 cpbdur:2 q:41.91 aq:38.51 tex:616 mv:742 misc:610 imb:6 pmb:108 smb:1926 d:t ref:0 ;
in:1170 out:1172 type:b dur:2 cpbdur:2 q:41.93 aq:41.50 tex:290 mv:410 misc:388 imb:0 pmb:46 smb:1994 d:s ref:0 ;
in:1172 out:1173 type:b dur:2 cpbdur:2 q:41.89 aq:38.41 tex:165 mv:131 misc:280 imb:0 pmb:18 smb:2022 d:- ref:0 ;
in:1177 out:1174 type:P dur:2 cpbdur:2 q:41.79 aq:35.70 tex:5504 mv:3352 misc:1240 imb:117 pmb:268 smb:1655 d:s ref:0 ;
in:1175 out:1175 type:B dur:2 cpbdur:2 q:41.83 aq:36.14 tex:798 mv:899 misc:655 imb:3 pmb:131 smb:1906 d:s ref:0 ;
in:1174 out:1176 type:b dur:2 cpbdur:2 q:41.85 aq:39.06 tex:215 mv:360 misc:361 imb:0 pmb:38 smb:2002 d:s ref:0 ;
in:1176 out:1177 type:b dur:2 cpbdur:2 q:41.81 aq:43.23 tex:72 mv:76 misc:212 imb:0 pmb:7 smb:2033 d:- ref:0 ;
in:1181 out:1178 type:P dur:2 cpbdur:2 q:41.70 aq:36.49 tex:6455 mv:4290 misc:1415 imb:194 pmb:327 smb:1519 d:s ref:0 ;
in:1179 out:1179 type:B dur:2 cpbdur:2 q:41.74 aq:36.77 tex:870 mv:459 misc:495 imb:4 pmb:68 smb:1968 d:s ref:0 ;
in:1178 out:1180 type:b dur:2 cpbdur:2 q:41.77 aq:39.68 tex:93 mv:67 misc:224 imb:1 pmb:7 smb:2032 d:s ref:0 ;
in:1180 out:1181 type:b dur:2 cpbdur:2 q:41.72 aq:40.64 tex:94 mv:19 misc:207 imb:0 pmb:5 smb:2035 d:- ref:0 ;
in:1185 out:1182 type:P dur:2 cpbdur:2 q:41.61 aq:35.60 tex:5847 mv:3849 misc:1392 imb:158 pmb:333 smb:1549 d:s ref:0 ;
in:1183 out:1183 type:B dur:2 cpbdur:2 q:41.65 aq:37.08 tex:925 mv:702 misc:597 imb:6 pmb:94 smb:1940 d:s ref:0 ;
in:1182 out:1184 type:b dur:2 cpbdur:2 q:41.67 aq:38.17 tex:189 mv:77 misc:262 imb:2 pmb:14 smb:2024 d:s ref:0 ;
in:1184 out:1185 type:b dur:2 cpbdur:2 q:41.63 aq:36.81 tex:66 mv:43 misc:203 imb:0 pmb:5 smb:2035 d:- ref:0 ;
in:1189 out:1186 type:P dur:2 cpbdur:2 q:41.52 aq:35.92 tex:3827 mv:3347 misc:1266 imb:150 pmb:284 smb:1606 d:s ref:0 ;
in:1187 out:1187 type:B dur:2 cpbdur:2 q:41.57 aq:37.16 tex:451 mv:478 misc:559 imb:5 pmb:75 smb:1960 d:t ref:0 ;
in:1186 out:1188 type:b dur:2 cpbdur:2 q:41.59 aq:37.80 tex:152 mv:85 misc:275 imb:2 pmb:15 smb:2023 d:s ref:0 ;
in:1188 out:1189 type:b dur:2 cpbdur:2 q:41.54 aq:36.22 tex:98 mv:22 misc:224 imb:0 pmb:7 smb:2033 d:- ref:0 ;
in:1193 out:1190 type:P dur:2 cpbdur:2 q:41.44 aq:36.85 tex:4221 mv:4134 misc:1389 imb:236 pmb:301 smb:1503 d:s ref:0 ;
in:1191 out:1191 type:B dur:2 cpbdur:2 q:41.48 aq:37.79 tex:292 mv:1035 misc:585 imb:16 pmb:81 smb:1943 d:t ref:0 ;
in:1190 out:1192 type:b dur:2 cpbdur:2 q:41.50 aq:37.23 tex:281 mv:260 misc:347 imb:9 pmb:27 smb:2004 d:s ref:0 ;
in:1192 out:1193 type:b dur:2 cpbdur:2 q:41.46 aq:39.16 tex:53 mv:12 misc:183 imb:0 pmb:3 smb:2037 d:- ref:0 ;
in:1197 out:1194 type:P dur:2 cpbdur:2 q:41.35 aq:37.78 tex:4781 mv:4852 misc:1487 imb:278 pmb:306 smb:1456 d:s ref:0 ;
in:1195 out:1195 type:B dur:2 cpbdur:2 q:41.40 aq:38.85 tex:860 mv:1636 misc:856 imb:26 pmb:150 smb:1864 d:t ref:0 ;
in:1194 out:1196 type:b dur:2 cpbdur:2 q:41.42 aq:38.59 tex:228 mv:628 misc:472 imb:11 pmb:53 smb:1976 d:s ref:0 ;
in:1196 out:1197 type:b dur:2 cpbdur:2 q:41.37 aq:37.65 tex:221 mv:109 misc:278 imb:4 pmb:13 smb:2023 d:- ref:0 ;
in:1198 out:1198 type:P dur:2 cpbdur:2 q:41.26 aq:39.25 tex:884 mv:1004 misc:816 imb:38 pmb:105 smb:1897 d:s ref:0 ;
in:1199 out:1199 type:I dur:2 cpbdur:2 q:38.77 aq:32.80 tex:55741 mv:35705 misc:170 imb:2040 pmb:0 smb:0 d:s ref:;
in:1203 out:1200 type:P dur:2 cpbdur:2 q:41.46 aq:35.56 tex:5464 mv:4179 misc:1365 imb:105 pmb:375 smb:1560 d:s ref:0 ;
in:1201 out:1201 type:B dur:2 cpbdur:2 q:41.46 aq:39.72 tex:955 mv:1240 misc:589 imb:8 pmb:113 smb:1919 d:t ref:0 ;
in:1200 out:1202 type:b dur:2 cpbdur:2 q:41.46 aq:41.72 tex:347 mv:362 misc:339 imb:6 pmb:35 smb:1999 d:s ref:0 ;
in:1202 out:1203 type:b dur:2 cpbdur:2 q:41.46 aq:40.97 tex:686 mv:543 misc:307 imb:11 pmb:41 smb:1988 d:- ref:0 ;
in:1207 out:1204 type:P dur:2 cpbdur:2 q:41.39 aq:36.74 tex:4682 mv:4101 misc:1473 imb:89 pmb:371 smb:1580 d:s ref:0 ;
in:1205 out:1205 type:B dur:2 cpbdur:2 q:41.43 aq:42.68 tex:1423 mv:853 misc:460 imb:22 pmb:69 smb:1949 d:t ref:0 ;
in:1204 out:1206 type:b dur:2 cpbdur:2 q:41.44 aq:42.90 tex:720 mv:486 misc:274 imb:7 pmb:40 smb:1993 d:s ref:0 ;
in:1206 out:1207 type:b dur:2 cpbdur:2 q:41.41 aq:42.81 tex:565 mv:440 misc:299 imb:9 pmb:40 smb:1991 d:- ref:0 ;
in:1211 out:1208 type:P dur:2 cpbdur:2 q:41.33 aq:36.59 tex:4477 mv:4351 misc:1524 imb:95 pmb:395 smb:1550 d:s ref:0 ;
in:1209 out:1209 type:B dur:2 cpbdur:2 q:41.36 aq:41.05 tex:1360 mv:656 misc:408 imb:13 pmb:66 smb:1961 d:t ref:0 ;
in:1208 out:1210 type:b dur:2 cpbdur:2 q:41.38 aq:42.13 tex:580 mv:337 misc:275 imb:5 pmb:33 smb:2002 d:s ref:0 ;
in:1210 out:1211 type:b dur:2 cpbdur:2 q:41.34 aq:43.76 tex:1050 mv:492 misc:330 imb:7 pmb:45 smb:1988 d:- ref:0 ;
in:1215 out:1212 type:P dur:2 cpbdur:2 q:41.24 aq:38.63 tex:7901 mv:5187 misc:1416 imb:324 pmb:390 smb:1326 d:s ref:0 ;
in:1213 out:1213 type:B dur:2 cpbdur:2 q:41.28 aq:39.57 tex:2657 mv:2044 misc:643 imb:76 pmb:153 smb:1811 d:s ref:0 ;
in:1212 out:1214 type:b dur:2 cpbdur:2 q:41.30 aq:38.15 tex:952 mv:668 misc:396 imb:22 pmb:62 smb:1956 d:s ref:0 ;
in:1214 out:1215 type:b dur:2 cpbdur:2 q:41.26 aq:40.11 tex:1113 mv:1652 misc:571 imb:42 pmb:119 smb:1879 d:- ref:0 ;
in:1219 out:1216 type:P dur:2 cpbdur:2 q:41.15 aq:38.29 tex:10792 mv:6817 misc:1431 imb:480 pmb:447 smb:1113 d:s ref:0 ;
in:1217 out:1217 type:B dur:2 cpbdur:2 q:41.20 aq:40.15 tex:5474 mv:4135 misc:959 imb:187 pmb:215 smb:1638 d:s ref:0 ;
in:1216 out:1218 type:b dur:2 cpbdur:2 q:41.22 aq:40.52 tex:1586 mv:2619 misc:675 imb:42 pmb:181 smb:1817 d:s ref:0 ;
in:1218 out:1219 type:b dur:2 cpbdur:2 q:41.18 aq:40.45 tex:2537 mv:2593 misc:782 imb:72 pmb:182 smb:1786 d:- ref:0 ;
in:1220 out:1220 type:P dur:2 cpbdur:2 q:41.08 aq:38.41 tex:5354 mv:5146 misc:1396 imb:200 pmb:349 smb:1491 d:s ref:0 ;
in:1224 out:1221 type:P dur:2 cpbdur:2 q:41.07 aq:39.12 tex:18479 mv:8871 misc:1394 imb:625 pmb:483 smb:932 d:s ref:0 ;
in:1222 out:1222 type:B dur:2 cpbdur:2 q:41.07 aq:39.66 tex:6476 mv:6930 misc:1186 imb:237 pmb:440 smb:1363 d:s ref:0 ;
in:1221 out:1223 type:b dur:2 cpbdur:2 q:41.07 aq:39.64 tex:2041 mv:4507 misc:1140 imb:79 pmb:376 smb:1585 d:s ref:0 ;
in:1223 out:1224 type:b dur:2 cpbdur:2 q:41.07 aq:40.59 tex:4668 mv:4658 misc:1114 imb:121 pmb:332 smb:1587 d:- ref:0 ;
in:1225 out:1225 type:P dur:2 cpbdur:2 q:41.02 aq:38.68 tex:12473 mv:6373 misc:1282 imb:584 pmb:333 smb:1123 d:s ref:0 ;
in:1227 out:1226 type:P dur:2 cpbdur:2 q:41.02 aq:37.90 tex:13638 mv:7048 misc:1410 imb:504 pmb:444 smb:1092 d:s ref:0 ;
in:1226 out:1227 type:b dur:2 cpbdur:2 q:41.02 aq:39.49 tex:4232 mv:3467 misc:565 imb:201 pmb:136 smb:1703 d:s ref:0 ;
in:1228 out:1228 type:P dur:2 cpbdur:2 q:41.03 aq:36.99 tex:7968 mv:4410 misc:1510 imb:229 pmb:425 smb:1386 d:s ref:0 ;
in:1232 out:1229 type:P dur:2 cpbdur:2 q:41.04 aq:36.64 tex:5604 mv:5333 misc:1575 imb:195 pmb:471 smb:1374 d:s ref:0 ;
in:1230 out:1230 type:B dur:2 cpbdur:2 q:41.04 aq:38.08 tex:288 mv:1064 misc:608 imb:7 pmb:94 smb:1939 d:t ref:0 ;
in:1229 out:1231 type:b dur:2 cpbdur:2 q:41.03 aq:33.40 tex:99 mv:164 misc:257 imb:6 pmb:15 smb:2019 d:s ref:0 ;
in:1231 out:1232 type:b dur:2 cpbdur:2 q:41.04 aq:33.04 tex:45 mv:36 misc:207 imb:1 pmb:5 smb:2034 d:- ref:0 ;
in:1236 out:1233 type:P dur:2 cpbdur:2 q:41.05 aq:39.18 tex:2348 mv:2875 misc:1185 imb:78 pmb:265 smb:1697 d:s ref:0 ;
in:1234 out:1234 type:B dur:2 cpbdur:2 q:41.05 aq:40.96 tex:844 mv:1820 misc:1056 imb:5 pmb:217 smb:1818 d:t ref:0 ;
in:1233 out:1235 type:b dur:2 cpbdur:2 q:41.05 aq:40.69 tex:111 mv:175 misc:282 imb:0 pmb:19 smb:2021 d:s ref:0 ;
in:1235 out:1236 type:b dur:2 cpbdur:2 q:41.05 aq:42.34 tex:93 mv:288 misc:371 imb:1 pmb:32 smb:2007 d:- ref:0 ;
in:1240 out:1237 type:P dur:2 cpbdur:2 q:41.06 aq:38.10 tex:42786 mv:11798 misc:432 imb:1753 pmb:230 smb:57 d:s ref:0 ;
in:1238 out:1238 type:B dur:2 cpbdur:2 q:41.05 aq:39.25 tex:11481 mv:8621 misc:1170 imb:432 pmb:389 smb:1219 d:s ref:0 ;
in:1237 out:1239 type:b dur:2 cpbdur:2 q:41.05 aq:39.80 tex:3728 mv:4369 misc:1119 imb:216 pmb:253 smb:1571 d:s ref:0 ;
in:1239 out:1240 type:b dur:2 cpbdur:2 q:41.06 aq:41.72 tex:4141 mv:4255 misc:852 imb:211 pmb:211 smb:1618 d:- ref:0 ;
in:1242 out:1241 type:P dur:2 cpbdur:2 q:41.14 aq:38.96 tex:10636 mv:7637 misc:1431 imb:603 pmb:388 smb:1049 d:s ref:0 ;
in:1241 out:1242 type:b dur:2 cpbdur:2 q:41.10 aq:41.11 tex:3057 mv:4752 misc:1135 imb:167 pmb:257 smb:1616 d:s ref:0 ;
in:1246 out:1243 type:P dur:2 cpbdur:2 q:41.12 aq:37.55 tex:27755 mv:11304 misc:1461 imb:833 pmb:629 smb:578 d:s ref:0 ;
in:1244 out:1244 type:B dur:2 cpbdur:2 q:41.13 aq:39.98 tex:3723 mv:5526 misc:1583 imb:123 pmb:421 smb:1496 d:s ref:0 ;
in:1243 out:1245 type:b dur:2 cpbdur:2 q:41.14 aq:41.26 tex:1499 mv:2940 misc:937 imb:47 pmb:225 smb:1768 d:s ref:0 ;
in:1245 out:1246 type:b dur:2 cpbdur:2 q:41.13 aq:41.11 tex:1241 mv:2827 misc:956 imb:43 pmb:233 smb:1764 d:- ref:0 ;
in:1250 out:1247 type:P dur:2 cpbdur:2 q:41.12 aq:38.44 tex:11559 mv:6682 misc:1439 imb:636 pmb:371 smb:1033 d:s ref:0 ;
in:1248 out:1248 type:B dur:2 cpbdur:2 q:41.12 aq:39.55 tex:2822 mv:4074 misc:1200 imb:103 pmb:286 smb:1651 d:s ref:0 ;
in:1247 out:1249 type:b dur:2 cpbdur:2 q:41.12 aq:41.76 tex:562 mv:1435 misc:707 imb:19 pmb:138 smb:1883 d:s ref:0 ;
in:1249 out:1250 type:b dur:2 cpbdur:2 q:41.12 aq:41.55 tex:2189 mv:3477 misc:958 imb:91 pmb:238 smb:1711 d:- ref:0 ;
in:1252 out:1251 type:P dur:2 cpbdur:2 q:41.19 aq:37.11 tex:38918 mv:11049 misc:1129 imb:1100 pmb:430 smb:510 d:s ref:0 ;
in:1251 out:1252 type:b dur:2 cpbdur:2 q:41.15 aq:41.49 tex:4790 mv:6788 misc:1574 imb:197 pmb:500 smb:1343 d:s ref:0 ;
in:1256 out:1253 type:P dur:2 cpbdur:2 q:41.24 aq:35.97 tex:21434 mv:10476 misc:1530 imb:572 pmb:713 smb:755 d:s ref:0 ;
in:1254 out:1254 type:B dur:2 cpbdur:2 q:41.21 aq:40.96 tex:1517 mv:2858 misc:1225 imb:29 pmb:329 smb:1682 d:s ref:0 ;
in:1253 out:1255 type:b dur:2 cpbdur:2 q:41.20 aq:42.08 tex:2414 mv:4623 misc:1515 imb:60 pmb:474 smb:1506 d:s ref:0 ;
in:1255 out:1256 type:b dur:2 cpbdur:2 q:41.23 aq:44.59 tex:420 mv:425 misc:395 imb:10 pmb:50 smb:1980 d:- ref:0 ;
in:1260 out:1257 type:P dur:2 cpbdur:2 q:41.32 aq:36.02 tex:9192 mv:5194 misc:1630 imb:180 pmb:510 smb:1350 d:s ref:0 ;
in:1258 out:1258 type:B dur:2 cpbdur:2 q:41.28 aq:39.78 tex:1787 mv:1268 misc:585 imb:28 pmb:102 smb:1910 d:s ref:0 ;
in:1257 out:1259 type:b dur:2 cpbdur:2 q:41.26 aq:41.12 tex:850 mv:467 misc:315 imb:10 pmb:41 smb:1989 d:s ref:0 ;
in:1259 out:1260 type:b dur:2 cpbdur:2 q:41.30 aq:41.35 tex:1355 mv:741 misc:328 imb:14 pmb:60 smb:1966 d:- ref:0 ;
in:1264 out:1261 type:P dur:2 cpbdur:2 q:41.30 aq:35.12 tex:7620 mv:5411 misc:1697 imb:145 pmb:490 smb:1405 d:s ref:0 ;
in:1262 out:1262 type:B dur:2 cpbdur:2 q:41.31 aq:42.10 tex:2008 mv:1483 misc:581 imb:38 pmb:106 smb:1896 d:t ref:0 ;
in:1261 out:1263 type:b dur:2 cpbdur:2 q:41.31 aq:44.32 tex:1024 mv:689 misc:319 imb:14 pmb:60 smb:1966 d:s ref:0 ;
in:1263 out:1264 type:b dur:2 cpbdur:2 q:41.31 aq:43.72 tex:1116 mv:593 misc:339 imb:9 pmb:55 smb:1976 d:- ref:0 ;
in:1268 out:1265 type:P dur:2 cpbdur:2 q:41.37 aq:37.04 tex:6512 mv:4581 misc:1555 imb:124 pmb:420 smb:1496 d:s ref:0 ;
in:1266 out:1266 type:B dur:2 cpbdur:2 q:41.34 aq:42.57 tex:2377 mv:2140 misc:955 imb:20 pmb:197 smb:1823 d:t ref:0 ;
in:1265 out:1267 type:b dur:2 cpbdur:2 q:41.32 aq:43.67 tex:1335 mv:641 misc:352 imb:6 pmb:64 smb:1970 d:s ref:0 ;
in:1267 out:1268 type:b dur:2 cpbdur:2 q:41.36 aq:44.05 tex:1258 mv:633 misc:365 imb:12 pmb:56 smb:1972 d:- ref:0 ;
in:1272 out:1269 type:P dur:2 cpbdur:2 q:41.32 aq:37.56 tex:7051 mv:6591 misc:1646 imb:171 pmb:511 smb:1358 d:s ref:0 ;
in:1270 out:1270 type:B dur:2 cpbdur:2 q:41.35 aq:42.58 tex:2533 mv:2871 misc:1028 imb:26 pmb:253 smb:1761 d:t ref:0 ;
in:1269 out:1271 type:b dur:2 cpbdur:2 q:41.36 aq:43.69 tex:1162 mv:747 misc:387 imb:6 pmb:65 smb:1969 d:s ref:0 ;
in:1271 out:1272 type:b dur:2 cpbdur:2 q:41.33 aq:42.41 tex:1737 mv:1366 misc:601 imb:17 pmb:115 smb:1908 d:- ref:0 ;
in:1275 out:1273 type:P dur:2 cpbdur:2 q:41.26 aq:38.94 tex:13308 mv:7828 misc:1672 imb:455 pmb:497 smb:1088 d:s ref:0 ;
in:1273 out:1274 type:B dur:2 cpbdur:2 q:41.30 aq:41.69 tex:2456 mv:2457 misc:1039 imb:31 pmb:299 smb:1710 d:s ref:0 ;
in:1274 out:1275 type:b dur:2 cpbdur:2 q:41.28 aq:41.43 tex:2397 mv:4154 misc:1217 imb:47 pmb:349 smb:1644 d:- ref:0 ;
in:1278 out:1276 type:P dur:2 cpbdur:2 q:41.23 aq:38.51 tex:15085 mv:9256 misc:1451 imb:611 pmb:500 smb:929 d:s ref:0 ;
in:1276 out:1277 type:B dur:2 cpbdur:2 q:41.25 aq:41.19 tex:3992 mv:5892 misc:1428 imb:135 pmb:462 smb:1443 d:s ref:0 ;
in:1277 out:1278 type:b dur:2 cpbdur:2 q:41.24 aq:41.98 tex:2998 mv:4758 misc:1340 imb:84 pmb:378 smb:1578 d:- ref:0 ;
in:1281 out:1279 type:P dur:2 cpbdur:2 q:41.19 aq:39.99 tex:11300 mv:6579 misc:1217 imb:702 pmb:293 smb:1045 d:s ref:0 ;
in:1279 out:1280 type:B dur:2 cpbdur:2 q:41.22 aq:41.18 tex:4132 mv:4701 misc:1295 imb:84 pmb:364 smb:1592 d:s ref:0 ;
in:1280 out:1281 type:b dur:2 cpbdur:2 q:41.20 aq:41.25 tex:4437 mv:5641 misc:1090 imb:150 pmb:326 smb:1564 d:- ref:0 ;
in:1282 out:1282 type:I dur:2 cpbdur:2 q:38.34 aq:33.70 tex:47875 mv:32951 misc:158 imb:2040 pmb:0 smb:0 d:s ref:;
in:1286 out:1283 type:P dur:2 cpbdur:2 q:41.27 aq:38.86 tex:10810 mv:6129 misc:1437 imb:549 pmb:306 smb:1185 d:s ref:0 ;
in:1284 out:1284 type:B dur:2 cpbdur:2 q:41.27 aq:39.69 tex:2837 mv:4676 misc:1343 imb:104 pmb:373 smb:1563 d:s ref:0 ;
in:1283 out:1285 type:b dur:2 cpbdur:2 q:41.27 aq:39.47 tex:1092 mv:2708 misc:1184 imb:47 pmb:285 smb:1708 d:t ref:0 ;
in:1285 out:1286 type:b dur:2 cpbdur:2 q:41.27 aq:41.48 tex:2870 mv:4148 misc:1254 imb:115 pmb:278 smb:1647 d:- ref:0 ;
in:1288 out:1287 type:P dur:2 cpbdur:2 q:41.25 aq:37.81 tex:11328 mv:7255 misc:1409 imb:667 pmb:353 smb:1020 d:s ref:0 ;
in:1287 out:1288 type:b dur:2 cpbdur:2 q:41.26 aq:40.93 tex:3143 mv:4868 misc:1245 imb:167 pmb:284 smb:1589 d:s ref:0 ;
in:1292 out:1289 type:P dur:2 cpbdur:2 q:41.28 aq:37.65 tex:16237 mv:9822 misc:1525 imb:705 pmb:541 smb:794 d:s ref:0 ;
in:1290 out:1290 type:B dur:2 cpbdur:2 q:41.26 aq:39.75 tex:3036 mv:5249 misc:1651 imb:118 pmb:419 smb:1503 d:s ref:0 ;
in:1289 out:1291 type:b dur:2 cpbdur:2 q:41.26 aq:41.30 tex:2221 mv:4037 misc:1302 imb:100 pmb:291 smb:1649 d:s ref:0 ;
in:1291 out:1292 type:b dur:2 cpbdur:2 q:41.27 aq:40.74 tex:553 mv:1983 misc:992 imb:23 pmb:198 smb:1819 d:- ref:0 ;
in:1296 out:1293 type:P dur:2 cpbdur:2 q:41.34 aq:38.97 tex:7792 mv:6444 misc:1660 imb:418 pmb:373 smb:1249 d:s ref:0 ;
in:1294 out:1294 type:B dur:2 cpbdur:2 q:41.31 aq:39.88 tex:1984 mv:5122 misc:1502 imb:88 pmb:420 smb:1532 d:s ref:0 ;
in:1293 out:1295 type:b dur:2 cpbdur:2 q:41.29 aq:40.14 tex:599 mv:2147 misc:990 imb:30 pmb:211 smb:1799 d:s ref:0 ;
in:1295 out:1296 type:b dur:2 cpbdur:2 q:41.32 aq:39.68 tex:541 mv:1827 misc:784 imb:16 pmb:158 smb:1866 d:- ref:0 ;
in:1298 out:1297 type:P dur:2 cpbdur:2 q:41.39 aq:39.23 tex:10477 mv:5951 misc:1324 imb:593 pmb:286 smb:1161 d:s ref:0 ;
in:1297 out:1298 type:b dur:2 cpbdur:2 q:41.37 aq:39.60 tex:3512 mv:4673 misc:1007 imb:224 pmb:233 smb:1583 d:s ref:0 ;
in:1300 out:1299 type:P dur:2 cpbdur:2 q:41.41 aq:36.07 tex:35651 mv:12106 misc:1219 imb:946 pmb:545 smb:549 d:s ref:0 ;
in:1299 out:1300 type:b dur:2 cpbdur:2 q:41.40 aq:41.49 tex:4753 mv:7868 misc:1643 imb:194 pmb:529 smb:1317 d:s ref:0 ;
in:1304 out:1301 type:P dur:2 cpbdur:2 q:41.49 aq:36.49 tex:13965 mv:8283 misc:1736 imb:302 pmb:664 smb:1074 d:s ref:0 ;
in:1302 out:1302 type:B dur:2 cpbdur:2 q:41.45 aq:41.63 tex:945 mv:1426 misc:893 imb:8 pmb:182 smb:1850 d:s ref:0 ;
in:1301 out:1303 type:b dur:2 cpbdur:2 q:41.43 aq:44.15 tex:467 mv:1361 misc:708 imb:6 pmb:136 smb:1898 d:s ref:0 ;
in:1303 out:1304 type:b dur:2 cpbdur:2 q:41.47 aq:43.97 tex:335 mv:317 misc:308 imb:3 pmb:36 smb:2001 d:- ref:0 ;
in:1308 out:1305 type:P dur:2 cpbdur:2 q:41.48 aq:36.47 tex:7845 mv:4751 misc:1740 imb:172 pmb:459 smb:1409 d:s ref:0 ;
in:1306 out:1306 type:B dur:2 cpbdur:2 q:41.49 aq:40.82 tex:1797 mv:1112 misc:475 imb:18 pmb:98 smb:1924 d:s ref:0 ;
in:1305 out:1307 type:b dur:2 cpbdur:2 q:41.49 aq:40.56 tex:853 mv:569 misc:322 imb:17 pmb:47 smb:1976 d:s ref:0 ;
in:1307 out:1308 type:b dur:2 cpbdur:2 q:41.48 aq:43.63 tex:1269 mv:855 misc:340 imb:8 pmb:69 smb:1963 d:- ref:0 ;
in:1312 out:1309 type:P dur:2 cpbdur:2 q:41.45 aq:37.60 tex:5940 mv:4805 misc:1663 imb:131 pmb:459 smb:1450 d:s ref:0 ;
in:1310 out:1310 type:B dur:2 cpbdur:2 q:41.47 aq:43.23 tex:1362 mv:1184 misc:582 imb:24 pmb:95 smb:1921 d:t ref:0 ;
in:1309 out:1311 type:b dur:2 cpbdur:2 q:41.47 aq:43.92 tex:989 mv:759 misc:380 imb:16 pmb:57 smb:1967 d:s ref:0 ;
in:1311 out:1312 type:b dur:2 cpbdur:2 q:41.46 aq:42.19 tex:760 mv:683 misc:429 imb:6 pmb:67 smb:1967 d:- ref:0 ;
in:1316 out:1313 type:P dur:2 cpbdur:2 q:41.51 aq:38.73 tex:7435 mv:5492 misc:1537 imb:131 pmb:466 smb:1443 d:s ref:0 ;
in:1314 out:1314 type:B dur:2 cpbdur:2 q:41.48 aq:41.92 tex:1635 mv:1886 misc:839 imb:26 pmb:151 smb:1863 d:t ref:0 ;
in:1313 out:1315 type:b dur:2 cpbdur:2 q:41.46 aq:43.80 tex:1023 mv:480 misc:393 imb:8 pmb:56 smb:1976 d:s ref:0 ;
in:1315 out:1316 type:b dur:2 cpbdur:2 q:41.50 aq:42.17 tex:992 mv:631 misc:345 imb:10 pmb:57 smb:1973 d:- ref:0 ;
in:1320 out:1317 type:P dur:2 cpbdur:2 q:41.45 aq:38.28 tex:5348 mv:5041 misc:1619 imb:122 pmb:463 smb:1455 d:s ref:0 ;
in:1318 out:1318 type:B dur:2 cpbdur:2 q:41.48 aq:42.10 tex:2686 mv:1982 misc:876 imb:29 pmb:190 smb:1821 d:t ref:0 ;
in:1317 out:1319 type:b dur:2 cpbdur:2 q:41.50 aq:44.18 tex:1137 mv:909 misc:562 imb:4 pmb:112 smb:1924 d:s ref:0 ;
in:1319 out:1320 type:b dur:2 cpbdur:2 q:41.47 aq:43.37 tex:1455 mv:865 misc:336 imb:12 pmb:61 smb:1967 d:- ref:0 ;
in:1324 out:1321 type:P dur:2 cpbdur:2 q:41.39 aq:38.58 tex:19204 mv:9267 misc:1481 imb:658 pmb:465 smb:917 d:s ref:0 ;
in:1322 out:1322 type:B dur:2 cpbdur:2 q:41.42 aq:38.64 tex:4499 mv:4453 misc:1376 imb:82 pmb:395 smb:1563 d:s ref:0 ;
in:1321 out:1323 type:b dur:2 cpbdur:2 q:41.44 aq:43.11 tex:1392 mv:919 misc:441 imb:11 pmb:84 smb:1945 d:s ref:0 ;
in:1323 out:1324 type:b dur:2 cpbdur:2 q:41.41 aq:40.68 tex:3104 mv:5197 misc:1395 imb:109 pmb:400 smb:1531 d:- ref:0 ;
in:1328 out:1325 type:P dur:2 cpbdur:2 q:41.32 aq:39.77 tex:10253 mv:6940 misc:1439 imb:442 pmb:424 smb:1174 d:s ref:0 ;
in:1326 out:1326 type:B dur:2 cpbdur:2 q:41.36 aq:40.60 tex:5141 mv:6160 misc:1451 imb:196 pmb:438 smb:1406 d:s ref:0 ;
in:1325 out:1327 type:b dur:2 cpbdur:2 q:41.37 aq:41.48 tex:2173 mv:3899 misc:1336 imb:90 pmb:346 smb:1604 d:s ref:0 ;
in:1327 out:1328 type:b dur:2 cpbdur:2 q:41.34 aq:42.81 tex:1864 mv:3115 misc:917 imb:54 pmb:227 smb:1759 d:- ref:0 ;
in:1329 out:1329 type:I dur:2 cpbdur:2 q:38.49 aq:35.81 tex:43891 mv:22738 misc:147 imb:2040 pmb:0 smb:0 d:s ref:;
in:1331 out:1330 type:P dur:2 cpbdur:2 q:41.35 aq:38.35 tex:13767 mv:9112 misc:1729 imb:597 pmb:536 smb:907 d:s ref:0 ;
in:1330 out:1331 type:b dur:2 cpbdur:2 q:41.35 aq:40.17 tex:2458 mv:4313 misc:1189 imb:122 pmb:272 smb:1646 d:s ref:0 ;
in:1335 out:1332 type:P dur:2 cpbdur:2 q:41.33 aq:38.05 tex:12584 mv:8002 misc:1662 imb:596 pmb:469 smb:975 d:s ref:0 ;
in:1333 out:1333 type:B dur:2 cpbdur:2 q:41.34 aq:39.43 tex:2872 mv:4810 misc:1502 imb:102 pmb:395 smb:1543 d:s ref:0 ;
in:1332 out:1334 type:b dur:2 cpbdur:2 q:41.34 aq:40.05 tex:1610 mv:3389 misc:1161 imb:70 pmb:274 smb:1696 d:s ref:0 ;
in:1334 out:1335 type:b dur:2 cpbdur:2 q:41.34 aq:40.60 tex:619 mv:1862 misc:783 imb:17 pmb:173 smb:1850 d:- ref:0 ;
in:1338 out:1336 type:P dur:2 cpbdur:2 q:41.34 aq:39.45 tex:10076 mv:6010 misc:1370 imb:620 pmb:314 smb:1106 d:s ref:0 ;
in:1336 out:1337 type:B dur:2 cpbdur:2 q:41.34 aq:40.26 tex:2838 mv:3863 misc:1003 imb:120 pmb:228 smb:1692 d:s ref:0 ;
in:1337 out:1338 type:b dur:2 cpbdur:2 q:41.34 aq:40.54 tex:3062 mv:4570 misc:976 imb:177 pmb:240 smb:1623 d:- ref:0 ;
in:1339 out:1339 type:P dur:2 cpbdur:2 q:41.36 aq:38.26 tex:23971 mv:8840 misc:1013 imb:1031 pmb:305 smb:704 d:s ref:0 ;
in:1343 out:1340 type:P dur:2 cpbdur:2 q:41.38 aq:36.09 tex:28237 mv:10942 misc:1309 imb:718 pmb:641 smb:681 d:s ref:0 ;
in:1341 out:1341 type:B dur:2 cpbdur:2 q:41.37 aq:41.98 tex:2066 mv:4148 misc:1450 imb:24 pmb:431 smb:1585 d:s ref:0 ;
in:1340 out:1342 type:b dur:2 cpbdur:2 q:41.37 aq:41.60 tex:1887 mv:4844 misc:1461 imb:70 pmb:422 smb:1548 d:s ref:0 ;
in:1342 out:1343 type:b dur:2 cpbdur:2 q:41.38 aq:41.76 tex:348 mv:683 misc:713 imb:8 pmb:121 smb:1911 d:- ref:0 ;
in:1347 out:1344 type:P dur:2 cpbdur:2 q:41.49 aq:35.95 tex:9570 mv:5528 misc:1606 imb:160 pmb:511 smb:1369 d:s ref:0 ;
in:1345 out:1345 type:B dur:2 cpbdur:2 q:41.44 aq:42.04 tex:1237 mv:1067 misc:592 imb:13 pmb:106 smb:1921 d:t ref:0 ;
in:1344 out:1346 type:b dur:2 cpbdur:2 q:41.41 aq:38.15 tex:778 mv:509 misc:329 imb:9 pmb:44 smb:1987 d:s ref:0 ;
in:1346 out:1347 type:b dur:2 cpbdur:2 q:41.46 aq:40.07 tex:1009 mv:736 misc:367 imb:15 pmb:65 smb:1960 d:- ref:0 ;
in:1351 out:1348 type:P dur:2 cpbdur:2 q:41.49 aq:36.18 tex:8799 mv:6347 misc:1774 imb:202 pmb:508 smb:1330 d:s ref:0 ;
in:1349 out:1349 type:B dur:2 cpbdur:2 q:41.49 aq:41.34 tex:2771 mv:2816 misc:973 imb:55 pmb:203 smb:1782 d:t ref:0 ;
in:1348 out:1350 type:b dur:2 cpbdur:2 q:41.49 aq:42.45 tex:1430 mv:942 misc:380 imb:15 pmb:80 smb:1945 d:s ref:0 ;
in:1350 out:1351 type:b dur:2 cpbdur:2 q:41.49 aq:42.45 tex:1184 mv:755 misc:413 imb:17 pmb:72 smb:1951 d:- ref:0 ;
in:1355 out:1352 type:P dur:2 cpbdur:2 q:41.57 aq:37.50 tex:7189 mv:5133 misc:1526 imb:155 pmb:421 smb:1464 d:s ref:0 ;
in:1353 out:1353 type:B dur:2 cpbdur:2 q:41.53 aq:41.77 tex:2685 mv:2886 misc:1181 imb:26 pmb:289 smb:1725 d:t ref:0 ;
in:1352 out:1354 type:b dur:2 cpbdur:2 q:41.51 aq:40.23 tex:1197 mv:1004 misc:447 imb:11 pmb:87 smb:1942 d:s ref:0 ;
in:1354 out:1355 type:b dur:2 cpbdur:2 q:41.55 aq:43.40 tex:1413 mv:1082 misc:561 imb:10 pmb:106 smb:1924 d:- ref:0 ;
in:1359 out:1356 type:P dur:2 cpbdur:2 q:41.53 aq:37.40 tex:7460 mv:6580 misc:1680 imb:222 pmb:485 smb:1333 d:s ref:0 ;
in:1357 out:1357 type:B dur:2 cpbdur:2 q:41.55 aq:40.84 tex:2288 mv:2531 misc:989 imb:19 pmb:252 smb:1769 d:t ref:0 ;
in:1356 out:1358 type:b dur:2 cpbdur:2 q:41.56 aq:43.29 tex:1157 mv:927 misc:452 imb:8 pmb:84 smb:1948 d:s ref:0 ;
in:1358 out:1359 type:b dur:2 cpbdur:2 q:41.54 aq:41.91 tex:1153 mv:812 misc:459 imb:15 pmb:80 smb:1945 d:- ref:0 ;
in:1363 out:1360 type:P dur:2 cpbdur:2 q:41.48 aq:38.08 tex:11628 mv:8492 misc:1760 imb:301 pmb:586 smb:1153 d:s ref:0 ;
in:1361 out:1361 type:B dur:2 cpbdur:2 q:41.51 aq:38.39 tex:3150 mv:4628 misc:1550 imb:58 pmb:462 smb:1520 d:s ref:0 ;
in:1360 out:1362 type:b dur:2 cpbdur:2 q:41.52 aq:42.39 tex:2020 mv:1076 misc:472 imb:26 pmb:87 smb:1927 d:s ref:0 ;
in:1362 out:1363 type:b dur:2 cpbdur:2 q:41.49 aq:41.31 tex:1063 mv:2983 misc:1290 imb:12 pmb:356 smb:1672 d:- ref:0 ;
in:1367 out:1364 type:P dur:2 cpbdur:2 q:41.44 aq:38.49 tex:8675 mv:7138 misc:1667 imb:273 pmb:498 smb:1269 d:s ref:0 ;
in:1365 out:1365 type:B dur:2 cpbdur:2 q:41.46 aq:39.15 tex:1632 mv:5101 misc:1643 imb:28 pmb:509 smb:1503 d:s ref:0 ;
in:1364 out:1366 type:b dur:2 cpbdur:2 q:41.47 aq:39.95 tex:690 mv:3245 misc:1257 imb:13 pmb:349 smb:1678 d:s ref:0 ;
in:1366 out:1367 type:b dur:2 cpbdur:2 q:41.45 aq:43.03 tex:412 mv:1580 misc:888 imb:6 pmb:165 smb:1869 d:- ref:0 ;
in:1369 out:1368 type:P dur:2 cpbdur:2 q:41.38 aq:39.47 tex:2757 mv:4148 misc:1471 imb:144 pmb:339 smb:1557 d:s ref:0 ;
in:1368 out:1369 type:b dur:2 cpbdur:2 q:41.41 aq:37.95 tex:429 mv:1237 misc:742 imb:15 pmb:126 smb:1899 d:t ref:0 ;
in:1370 out:1370 type:I dur:2 cpbdur:2 q:38.54 aq:33.89 tex:55732 mv:35856 misc:148 imb:2040 pmb:0 smb:0 d:s ref:;
in:1374 out:1371 type:P dur:2 cpbdur:2 q:41.53 aq:38.59 tex:13676 mv:6275 misc:1081 imb:687 pmb:329 smb:1024 d:s ref:0 ;
in:1372 out:1372 type:B dur:2 cpbdur:2 q:41.53 aq:40.47 tex:4449 mv:4619 misc:836 imb:201 pmb:256 smb:1583 d:s ref:0 ;
in:1371 out:1373 type:b dur:2 cpbdur:2 q:41.53 aq:41.78 tex:2209 mv:2122 misc:525 imb:100 pmb:103 smb:1837 d:s ref:0 ;
in:1373 out:1374 type:b dur:2 cpbdur:2 q:41.53 aq:41.33 tex:3782 mv:4188 misc:830 imb:230 pmb:204 smb:1606 d:- ref:0 ;
in:1378 out:1375 type:P dur:2 cpbdur:2 q:41.51 aq:37.83 tex:10784 mv:6642 misc:1374 imb:539 pmb:361 smb:1140 d:s ref:0 ;
in:1376 out:1376 type:B dur:2 cpbdur:2 q:41.52 aq:40.43 tex:3726 mv:4331 misc:991 imb:186 pmb:225 smb:1629 d:s ref:0 ;
in:1375 out:1377 type:b dur:2 cpbdur:2 q:41.53 aq:41.08 tex:2525 mv:3402 misc:945 imb:77 pmb:242 smb:1721 d:s ref:0 ;
in:1377 out:1378 type:b dur:2 cpbdur:2 q:41.51 aq:40.63 tex:766 mv:2038 misc:772 imb:36 pmb:165 smb:1839 d:- ref:0 ;
in:1382 out:1379 type:P dur:2 cpbdur:2 q:41.49 aq:39.01 tex:8269 mv:5095 misc:1196 imb:425 pmb:297 smb:1318 d:s ref:0 ;
in:1380 out:1380 type:B dur:2 cpbdur:2 q:41.50 aq:40.31 tex:1961 mv:3059 misc:964 imb:56 pmb:227 smb:1757 d:s ref:0 ;
in:1379 out:1381 type:b dur:2 cpbdur:2 q:41.50 aq:41.51 tex:428 mv:1091 misc:609 imb:9 pmb:110 smb:1921 d:s ref:0 ;
in:1381 out:1382 type:b dur:2 cpbdur:2 q:41.49 aq:40.63 tex:1354 mv:2445 misc:825 imb:50 pmb:195 smb:1795 d:- ref:0 ;
in:1384 out:1383 type:P dur:2 cpbdur:2 q:41.47 aq:38.46 tex:14934 mv:6632 misc:1186 imb:553 pmb:342 smb:1145 d:s ref:0 ;
in:1383 out:1384 type:b dur:2 cpbdur:2 q:41.48 aq:41.45 tex:3773 mv:4429 misc:982 imb:164 pmb:268 smb:1608 d:s ref:0 ;
in:1388 out:1385 type:P dur:2 cpbdur:2 q:41.48 aq:36.59 tex:36784 mv:10435 misc:1285 imb:708 pmb:569 smb:763 d:s ref:0 ;
in:1386 out:1386 type:B dur:2 cpbdur:2 q:41.48 aq:40.09 tex:1109 mv:2393 misc:1026 imb:18 pmb:258 smb:1764 d:s ref:0 ;
in:1385 out:1387 type:b dur:2 cpbdur:2 q:41.47 aq:41.92 tex:3268 mv:5748 misc:1304 imb:95 pmb:481 smb:1464 d:s ref:0 ;
in:1387 out:1388 type:b dur:2 cpbdur:2 q:41.48 aq:41.00 tex:229 mv:578 misc:449 imb:1 pmb:61 smb:1978 d:- ref:0 ;
in:1392 out:1389 type:P dur:2 cpbdur:2 q:41.53 aq:37.28 tex:6141 mv:3455 misc:1460 imb:95 pmb:398 smb:1547 d:s ref:0 ;
in:1390 out:1390 type:B dur:2 cpbdur:2 q:41.51 aq:39.50 tex:982 mv:507 misc:391 imb:15 pmb:47 smb:1978 d:s ref:0 ;
in:1389 out:1391 type:b dur:2 cpbdur:2 q:41.49 aq:42.05 tex:271 mv:176 misc:233 imb:4 pmb:18 smb:2018 d:s ref:0 ;
in:1391 out:1392 type:b dur:2 cpbdur:2 q:41.52 aq:40.91 tex:720 mv:541 misc:323 imb:13 pmb:39 smb:1988 d:- ref:0 ;
in:1396 out:1393 type:P dur:2 cpbdur:2 q:41.48 aq:36.82 tex:5115 mv:3383 misc:1438 imb:89 pmb:366 smb:1585 d:s ref:0 ;
in:1394 out:1394 type:B dur:2 cpbdur:2 q:41.51 aq:40.76 tex:2120 mv:776 misc:328 imb:28 pmb:54 smb:1958 d:s ref:0 ;
in:1393 out:1395 type:b dur:2 cpbdur:2 q:41.52 aq:43.01 tex:1151 mv:576 misc:313 imb:9 pmb:54 smb:1977 d:s ref:0 ;
in:1395 out:1396 type:b dur:2 cpbdur:2 q:41.50 aq:40.94 tex:684 mv:507 misc:289 imb:13 pmb:37 smb:1990 d:- ref:0 ;
in:1400 out:1397 type:P dur:2 cpbdur:2 q:41.53 aq:38.46 tex:3591 mv:3119 misc:1298 imb:67 pmb:353 smb:1620 d:s ref:0 ;
in:1398 out:1398 type:B dur:2 cpbdur:2 q:41.51 aq:41.53 tex:1604 mv:767 misc:413 imb:16 pmb:68 smb:1956 d:t ref:0 ;
in:1397 out:1399 type:b dur:2 cpbdur:2 q:41.49 aq:41.96 tex:652 mv:329 misc:291 imb:1 pmb:47 smb:1992 d:s ref:0 ;
in:1399 out:1400 type:b dur:2 cpbdur:2 q:41.52 aq:40.13 tex:931 mv:363 misc:298 imb:8 pmb:39 smb:1993 d:- ref:0 ;
in:1404 out:1401 type:P dur:2 cpbdur:2 q:41.47 aq:41.04 tex:3603 mv:3009 misc:1284 imb:66 pmb:317 smb:1657 d:s ref:0 ;
in:1402 out:1402 type:B dur:2 cpbdur:2 q:41.50 aq:39.97 tex:2486 mv:782 misc:436 imb:22 pmb:66 smb:1952 d:s ref:0 ;
in:1401 out:1403 type:b dur:2 cpbdur:2 q:41.51 aq:41.88 tex:1218 mv:469 misc:273 imb:13 pmb:35 smb:1992 d:s ref:0 ;
in:1403 out:1404 type:b dur:2 cpbdur:2 q:41.48 aq:42.62 tex:1115 mv:572 misc:345 imb:12 pmb:54 smb:1974 d:- ref:0 ;
in:1405 out:1405 type:P dur:2 cpbdur:2 q:41.38 aq:41.90 tex:2589 mv:932 misc:591 imb:39 pmb:74 smb:1927 d:s ref:0 ;
